{"extra":{"now":1594825264000},"log_pb":{"impr_id":"20200715230104010019018167154A03EB"},"status_code":0,"user":{"twitter_id":"","watch_status":false,"is_star":false,"urge_detail":{"user_urged":0},"follow_status":1,"signature_language":"zh","enterprise_verify_reason":"","room_id":0,"ins_id":"","is_effect_artist":false,"recommend_user_reason_source":0,"birthday":"1997-01-01","commerce_user_level":0,"commerce_user_info":{"star_atlas":1,"show_star_atlas_cooperation":false,"has_ads_entry":false,"ad_revenue_rits":null},"avatar_larger":{"uri":"31b4f00009a4dbdc61fe3","url_list":["https://p29-dy.byteimg.com/aweme/1080x1080/31b4f00009a4dbdc61fe3.jpeg?from=4010531038","https://p9-dy.byteimg.com/aweme/1080x1080/31b4f00009a4dbdc61fe3.jpeg?from=4010531038","https://p6-dy-ipv6.byteimg.com/aweme/1080x1080/31b4f00009a4dbdc61fe3.jpeg?from=4010531038"]},"is_blocked":false,"enterprise_user_info":"{\"commerce_info\":{\"offline_info_list\":[],\"challenge_list\":[]},\"homepage_bottom_toast\":[],\"permissions\":[{\"Id\":3,\"Key\":\"ItemShop\",\"Name\":\"视频电商\",\"AppId\":1128,\"Status\":1,\"Extra\":null,\"Customization\":null,\"Parent\":0},{\"Id\":5,\"Key\":\"UserShop\",\"Name\":\"个人橱窗\",\"AppId\":1128,\"Status\":1,\"Extra\":null,\"Customization\":null,\"Parent\":0},{\"Id\":4,\"Key\":\"LiveShop\",\"Name\":\"直播电商\",\"AppId\":1128,\"Status\":1,\"Extra\":null,\"Customization\":null,\"Parent\":0}]}","short_id":"1486818558","follower_status":0,"recommend_reason_relation":"","life_story_block":{"life_story_block":false},"avatar_168x168":{"uri":"31b4f00009a4dbdc61fe3","url_list":["https://p9-dy-ipv6.byteimg.com/img/31b4f00009a4dbdc61fe3~c5_168x168.webp?from=4010531038","https://p26-dy.byteimg.com/img/31b4f00009a4dbdc61fe3~c5_168x168.webp?from=4010531038","https://p29-dy.byteimg.com/img/31b4f00009a4dbdc61fe3~c5_168x168.webp?from=4010531038"]},"commerce_info":{"challenge_list":[],"offline_info_list":[]},"following_count":1,"city":"成都","show_favorite_list":true,"message_chat_entry":true,"nickname":"温仙女","youtube_channel_title":"","live_commerce":true,"sec_uid":"MS4wLjABAAAA6VCj7eXLSO49vX8Fi5BBgLCvhVFv4FOACsBZUfCHd50","verification_type":0,"avatar_thumb":{"uri":"31b4f00009a4dbdc61fe3","url_list":["https://p3-dy.byteimg.com/aweme/100x100/31b4f00009a4dbdc61fe3.jpeg?from=4010531038","https://p6-dy-ipv6.byteimg.com/aweme/100x100/31b4f00009a4dbdc61fe3.jpeg?from=4010531038","https://p9-dy.byteimg.com/aweme/100x100/31b4f00009a4dbdc61fe3.jpeg?from=4010531038"]},"is_block":false,"with_new_goods":false,"cover_url":[{"url_list":["https://p3-dy.byteimg.com/obj/31a970003518a5c584375?from=1247829622","https://p1-dy.byteimg.com/obj/31a970003518a5c584375?from=1247829622","https://p29-dy.byteimg.com/obj/31a970003518a5c584375?from=1247829622"],"uri":"31a970003518a5c584375"},{"uri":"c8510002be9a3a61aad2","url_list":["https://p3-dy.byteimg.com/obj/c8510002be9a3a61aad2?from=1247829622","https://p9-dy.byteimg.com/obj/c8510002be9a3a61aad2?from=1247829622","https://p26-dy.byteimg.com/obj/c8510002be9a3a61aad2?from=1247829622"]}],"district":"武侯","tab_settings":{"private_tab":{"private_tab_style":1,"show_private_tab":false}},"signature":"苹果原置测评 无美颜无滤镜\n🧣：是个温精灵","followers_detail":[{"package_name":"com.ss.android.ugc.aweme","app_name":"aweme","name":"抖音","icon":"http://p3.pstatp.com/origin/50ec00079b64de2050dc","fans_count":6087567,"open_url":"snssdk1128://user/profile/104010244582?","apple_id":"1142110895","download_url":"https://d.douyin.com/JsvN/"},{"download_url":"https://d.toutiao.com/YjjY/","package_name":"com.ss.android.article.news","app_name":"news_article","name":"头条","icon":"http://p3.pstatp.com/origin/50ed00079a1b6b8d1fb1","fans_count":0,"open_url":"snssdk143://profile?uid=0","apple_id":"529092160"},{"name":"抖音火山版","icon":"http://p3.pstatp.com/origin/2ea5c000abe106154adef","fans_count":0,"open_url":"snssdk1112://profile?id=0","apple_id":"1086047750","download_url":"http://d.huoshanzhibo.com/eFvB/","package_name":"com.ss.android.ugc.live","app_name":"live_stream"}],"secret":0,"with_commerce_enterprise_tab_entry":false,"avatar_300x300":{"url_list":["https://p9-dy-ipv6.byteimg.com/img/31b4f00009a4dbdc61fe3~c5_300x300.webp?from=4010531038","https://p6-dy-ipv6.byteimg.com/img/31b4f00009a4dbdc61fe3~c5_300x300.webp?from=4010531038","https://p3-dy.byteimg.com/img/31b4f00009a4dbdc61fe3~c5_300x300.webp?from=4010531038"],"uri":"31b4f00009a4dbdc61fe3"},"uid":"104010244582","twitter_name":"","country":"中国","is_activity_user":false,"favoriting_count":0,"video_icon":{"uri":"","url_list":[]},"profile_tab_type":0,"with_commerce_entry":true,"apple_account":0,"is_gov_media_vip":false,"dongtai_count":150,"province":"四川","white_cover_url":[{"url_list":["https://p3-dy.byteimg.com/obj/31a970003518a5c584375?from=1247829622","https://p1-dy.byteimg.com/obj/31a970003518a5c584375?from=1247829622","https://p29-dy.byteimg.com/obj/31a970003518a5c584375?from=1247829622"],"uri":"31a970003518a5c584375"},{"uri":"318f1000413827e122102","url_list":["https://p3-dy.byteimg.com/obj/318f1000413827e122102?from=1247829622","https://p9-dy.byteimg.com/obj/318f1000413827e122102?from=1247829622","https://p26-dy.byteimg.com/obj/318f1000413827e122102?from=1247829622"]}],"gender":2,"unique_id":"","custom_verify":"","share_info":{"bool_persist":1,"share_url":"www.iesdouyin.com/share/user/104010244582?u_code=1jf98imk4c1b&sec_uid=MS4wLjABAAAA6VCj7eXLSO49vX8Fi5BBgLCvhVFv4FOACsBZUfCHd50","share_weibo_desc":" ","share_desc":"在抖音，记录美好生活！","share_title":"快来加入抖音，让你发现最有趣的我！","share_qrcode_url":{"uri":"bded001e7ca5c4776ea5","url_list":["https://p9-dy-ipv6.byteimg.com/obj/bded001e7ca5c4776ea5","https://p29-dy.byteimg.com/obj/bded001e7ca5c4776ea5","https://p3-dy.byteimg.com/obj/bded001e7ca5c4776ea5"]},"share_image_url":{"url_list":null}},"original_musician":{"digg_count":0,"music_count":0,"music_used_count":0},"youtube_channel_id":"","r_fans_group_info":{},"shop_micro_app":"","forward_count":1,"follower_count":6087567,"aweme_count":149,"total_favorited":45065113,"mplatform_followers_count":6087567,"sync_to_toutiao":0,"with_fusion_shop_entry":true,"birthday_hide_level":0,"video_cover":{},"avatar_medium":{"uri":"31b4f00009a4dbdc61fe3","url_list":["https://p29-dy.byteimg.com/aweme/720x720/31b4f00009a4dbdc61fe3.jpeg?from=4010531038","https://p9-dy.byteimg.com/aweme/720x720/31b4f00009a4dbdc61fe3.jpeg?from=4010531038","https://p3-dy.byteimg.com/aweme/720x720/31b4f00009a4dbdc61fe3.jpeg?from=4010531038"]}}}
