{"status_code":0,"user":{"urge_detail":{"user_urged":0},"follow_status":1,"secret":0,"twitter_id":"","district":"","watch_status":false,"with_commerce_enterprise_tab_entry":false,"gender":2,"original_musician":{"music_count":0,"music_used_count":0,"digg_count":0},"r_fans_group_info":{},"favoriting_count":2697,"province":"辽宁","is_star":false,"verification_type":0,"twitter_name":"","forward_count":12,"room_id":0,"enterprise_verify_reason":"","city":"铁岭","avatar_168x168":{"uri":"1b58d0001a1efec9a5040","url_list":["https://p3-dy.byteimg.com/img/1b58d0001a1efec9a5040~c5_168x168.webp?from=4010531038","https://p6-dy-ipv6.byteimg.com/img/1b58d0001a1efec9a5040~c5_168x168.webp?from=4010531038","https://p29-dy.byteimg.com/img/1b58d0001a1efec9a5040~c5_168x168.webp?from=4010531038"]},"tab_settings":{"private_tab":{"show_private_tab":false,"private_tab_style":1}},"show_favorite_list":true,"birthday":"1998-01-01","is_gov_media_vip":false,"country":"中国","location":"铁岭","is_effect_artist":false,"avatar_medium":{"uri":"1b58d0001a1efec9a5040","url_list":["https://p29-dy.byteimg.com/aweme/720x720/1b58d0001a1efec9a5040.jpeg?from=4010531038","https://p9-dy.byteimg.com/aweme/720x720/1b58d0001a1efec9a5040.jpeg?from=4010531038","https://p26-dy.byteimg.com/aweme/720x720/1b58d0001a1efec9a5040.jpeg?from=4010531038"]},"following_count":256,"follower_count":84344,"commerce_info":{"offline_info_list":[],"challenge_list":[]},"with_new_goods":false,"iso_country_code":"","unique_id":"kouhong521","signature_language":"zh","school_name":"","followers_detail":[{"app_name":"aweme","name":"抖音","icon":"http://p3.pstatp.com/origin/50ec00079b64de2050dc","fans_count":84344,"open_url":"snssdk1128://user/profile/58518551358?","apple_id":"1142110895","download_url":"https://d.douyin.com/JsvN/","package_name":"com.ss.android.ugc.aweme"},{"open_url":"snssdk143://profile?uid=0","apple_id":"529092160","download_url":"https://d.toutiao.com/YjjY/","package_name":"com.ss.android.article.news","app_name":"news_article","name":"头条","icon":"http://p3.pstatp.com/origin/50ed00079a1b6b8d1fb1","fans_count":0},{"open_url":"snssdk1112://profile?id=0","apple_id":"1086047750","download_url":"http://d.huoshanzhibo.com/eFvB/","package_name":"com.ss.android.ugc.live","app_name":"live_stream","name":"抖音火山版","icon":"http://p3.pstatp.com/origin/2ea5c000abe106154adef","fans_count":0}],"video_icon":{"uri":"","url_list":[]},"with_fusion_shop_entry":true,"enterprise_user_info":"{\"commerce_info\":{\"offline_info_list\":[],\"challenge_list\":[]},\"homepage_bottom_toast\":[],\"permissions\":[{\"Id\":3,\"Key\":\"ItemShop\",\"Name\":\"视频电商\",\"AppId\":1128,\"Status\":1,\"Extra\":null,\"Customization\":null,\"Parent\":0},{\"Id\":5,\"Key\":\"UserShop\",\"Name\":\"个人橱窗\",\"AppId\":1128,\"Status\":1,\"Extra\":null,\"Customization\":null,\"Parent\":0},{\"Id\":4,\"Key\":\"LiveShop\",\"Name\":\"直播电商\",\"AppId\":1128,\"Status\":1,\"Extra\":null,\"Customization\":null,\"Parent\":0}]}","white_cover_url":[{"uri":"2dc000005790900a2eed7","url_list":["https://p26-dy.byteimg.com/obj/2dc000005790900a2eed7?from=1247829622","https://p3-dy.byteimg.com/obj/2dc000005790900a2eed7?from=1247829622","https://p9-dy.byteimg.com/obj/2dc000005790900a2eed7?from=1247829622"]},{"uri":"318f1000413827e122102","url_list":["https://p26-dy.byteimg.com/obj/318f1000413827e122102?from=1247829622","https://p6-dy-ipv6.byteimg.com/obj/318f1000413827e122102?from=1247829622","https://p9-dy.byteimg.com/obj/318f1000413827e122102?from=1247829622"]}],"custom_verify":"","youtube_channel_id":"","live_commerce":true,"recommend_reason_relation":"","sec_uid":"MS4wLjABAAAASNeqTcv2fwBReC_WEDHWAMXBq4bM_zKrCjBMuPMx85E","birthday_hide_level":0,"message_chat_entry":true,"recommend_user_reason_source":0,"mplatform_followers_count":84344,"cover_url":[{"uri":"2dc000005790900a2eed7","url_list":["https://p26-dy.byteimg.com/obj/2dc000005790900a2eed7?from=1247829622","https://p3-dy.byteimg.com/obj/2dc000005790900a2eed7?from=1247829622","https://p9-dy.byteimg.com/obj/2dc000005790900a2eed7?from=1247829622"]},{"uri":"c8510002be9a3a61aad2","url_list":["https://p9-dy.byteimg.com/obj/c8510002be9a3a61aad2?from=1247829622","https://p3-dy.byteimg.com/obj/c8510002be9a3a61aad2?from=1247829622","https://p6-dy-ipv6.byteimg.com/obj/c8510002be9a3a61aad2?from=1247829622"]}],"avatar_300x300":{"uri":"1b58d0001a1efec9a5040","url_list":["https://p9-dy-ipv6.byteimg.com/img/1b58d0001a1efec9a5040~c5_300x300.webp?from=4010531038","https://p6-dy-ipv6.byteimg.com/img/1b58d0001a1efec9a5040~c5_300x300.webp?from=4010531038","https://p3-dy.byteimg.com/img/1b58d0001a1efec9a5040~c5_300x300.webp?from=4010531038"]},"is_blocked":false,"video_cover":{},"is_activity_user":false,"avatar_larger":{"uri":"1b58d0001a1efec9a5040","url_list":["https://p26-dy.byteimg.com/aweme/1080x1080/1b58d0001a1efec9a5040.jpeg?from=4010531038","https://p6-dy-ipv6.byteimg.com/aweme/1080x1080/1b58d0001a1efec9a5040.jpeg?from=4010531038","https://p29-dy.byteimg.com/aweme/1080x1080/1b58d0001a1efec9a5040.jpeg?from=4010531038"]},"total_favorited":722520,"dongtai_count":195,"life_story_block":{"life_story_block":false},"nickname":"涵涵的百宝屋","share_info":{"share_url":"www.iesdouyin.com/share/user/58518551358?u_code=1jf98imk4c1b&sec_uid=MS4wLjABAAAASNeqTcv2fwBReC_WEDHWAMXBq4bM_zKrCjBMuPMx85E","share_weibo_desc":" ","share_desc":"在抖音，记录美好生活！","share_title":"快来加入抖音，让你发现最有趣的我！","share_qrcode_url":{"uri":"6f96001c023c6f03c164","url_list":["https://p3-dy.byteimg.com/obj/6f96001c023c6f03c164","https://p26-dy.byteimg.com/obj/6f96001c023c6f03c164","https://p9-dy.byteimg.com/obj/6f96001c023c6f03c164"]},"share_image_url":{"url_list":null},"bool_persist":1},"commerce_user_level":0,"ins_id":"","youtube_channel_title":"","profile_tab_type":0,"uid":"58518551358","sync_to_toutiao":0,"apple_account":0,"follower_status":0,"shop_micro_app":"","commerce_user_info":{"has_ads_entry":false,"ad_revenue_rits":null},"signature":"dh12356\n备注来意🙆♀️","avatar_thumb":{"uri":"1b58d0001a1efec9a5040","url_list":["https://p9-dy.byteimg.com/aweme/100x100/1b58d0001a1efec9a5040.jpeg?from=4010531038","https://p6-dy-ipv6.byteimg.com/aweme/100x100/1b58d0001a1efec9a5040.jpeg?from=4010531038","https://p3-dy.byteimg.com/aweme/100x100/1b58d0001a1efec9a5040.jpeg?from=4010531038"]},"aweme_count":183,"is_block":false,"with_commerce_entry":true,"short_id":"0"},"extra":{"now":1594913451000},"log_pb":{"impr_id":"20200716233051010014047086123D08D6"}}
