{"user":{"signature_language":"zh","sec_uid":"MS4wLjABAAAA2BKq5dedFx6BCOV5cqGjZDYafN4g-eQIIhiiNxilpwk","share_info":{"share_desc":"在抖音，记录美好生活！","share_title":"快来加入抖音，让你发现最有趣的我！","share_qrcode_url":{"uri":"f9940001a56c92f22ac1","url_list":["https://p26-dy.byteimg.com/obj/f9940001a56c92f22ac1","https://p29-dy.byteimg.com/obj/f9940001a56c92f22ac1","https://p3-dy.byteimg.com/obj/f9940001a56c92f22ac1"]},"share_image_url":{"url_list":null},"bool_persist":1,"share_url":"www.iesdouyin.com/share/user/107852699495?u_code=1jf98imk4c1b&sec_uid=MS4wLjABAAAA2BKq5dedFx6BCOV5cqGjZDYafN4g-eQIIhiiNxilpwk","share_weibo_desc":" "},"verification_type":0,"secret":0,"with_new_goods":false,"recommend_reason_relation":"","watch_status":false,"is_activity_user":false,"nickname":"七七和铲屎官","with_commerce_entry":true,"district":"宁海","enterprise_user_info":"{\"commerce_info\":{\"offline_info_list\":[],\"challenge_list\":[]},\"homepage_bottom_toast\":[],\"permissions\":[{\"Id\":3,\"Key\":\"ItemShop\",\"Name\":\"视频电商\",\"AppId\":1128,\"Status\":1,\"Extra\":null,\"Customization\":null,\"Parent\":0},{\"Id\":4,\"Key\":\"LiveShop\",\"Name\":\"直播电商\",\"AppId\":1128,\"Status\":1,\"Extra\":null,\"Customization\":null,\"Parent\":0},{\"Id\":5,\"Key\":\"UserShop\",\"Name\":\"个人橱窗\",\"AppId\":1128,\"Status\":1,\"Extra\":null,\"Customization\":null,\"Parent\":0}]}","enterprise_verify_reason":"","avatar_168x168":{"uri":"2f7af000675b8031e874f","url_list":["https://p3-dy.byteimg.com/img/2f7af000675b8031e874f~c5_168x168.webp?from=4010531038","https://p6-dy-ipv6.byteimg.com/img/2f7af000675b8031e874f~c5_168x168.webp?from=4010531038","https://p9-dy.byteimg.com/img/2f7af000675b8031e874f~c5_168x168.webp?from=4010531038"]},"is_blocked":false,"shop_micro_app":"","short_id":"0","signature":"一岁大的折耳渐层，是个妹妹\n有趣的灵魂万里挑一\n谢谢大家喜欢七七\n粉丝：xy65294904","twitter_id":"","city":"宁波","r_fans_group_info":{},"birthday":"2019-01-01","room_id":0,"live_commerce":true,"birthday_hide_level":0,"message_chat_entry":true,"avatar_larger":{"url_list":["https://p1-dy-ipv6.byteimg.com/aweme/1080x1080/2f7af000675b8031e874f.jpeg?from=4010531038","https://p29-dy.byteimg.com/aweme/1080x1080/2f7af000675b8031e874f.jpeg?from=4010531038","https://p9-dy.byteimg.com/aweme/1080x1080/2f7af000675b8031e874f.jpeg?from=4010531038"],"uri":"2f7af000675b8031e874f"},"avatar_thumb":{"uri":"2f7af000675b8031e874f","url_list":["https://p9-dy-ipv6.byteimg.com/aweme/100x100/2f7af000675b8031e874f.jpeg?from=4010531038","https://p6-dy-ipv6.byteimg.com/aweme/100x100/2f7af000675b8031e874f.jpeg?from=4010531038","https://p3-dy.byteimg.com/aweme/100x100/2f7af000675b8031e874f.jpeg?from=4010531038"]},"follow_status":1,"followers_detail":[{"icon":"http://p3.pstatp.com/origin/50ec00079b64de2050dc","fans_count":606785,"open_url":"snssdk1128://user/profile/107852699495?","apple_id":"1142110895","download_url":"https://d.douyin.com/JsvN/","package_name":"com.ss.android.ugc.aweme","app_name":"aweme","name":"抖音"},{"icon":"http://p3.pstatp.com/origin/50ed00079a1b6b8d1fb1","fans_count":0,"open_url":"snssdk143://profile?uid=0","apple_id":"529092160","download_url":"https://d.toutiao.com/YjjY/","package_name":"com.ss.android.article.news","app_name":"news_article","name":"头条"},{"app_name":"live_stream","name":"抖音火山版","icon":"http://p3.pstatp.com/origin/2ea5c000abe106154adef","fans_count":0,"open_url":"snssdk1112://profile?id=0","apple_id":"1086047750","download_url":"http://d.huoshanzhibo.com/eFvB/","package_name":"com.ss.android.ugc.live"}],"video_icon":{"uri":"","url_list":[]},"dongtai_count":79,"is_block":false,"custom_verify":"","twitter_name":"","avatar_300x300":{"uri":"2f7af000675b8031e874f","url_list":["https://p6-dy-ipv6.byteimg.com/img/2f7af000675b8031e874f~c5_300x300.webp?from=4010531038","https://p3-dy.byteimg.com/img/2f7af000675b8031e874f~c5_300x300.webp?from=4010531038","https://p9-dy.byteimg.com/img/2f7af000675b8031e874f~c5_300x300.webp?from=4010531038"]},"video_cover":{},"total_favorited":9119119,"unique_id":"qiqi081218","apple_account":0,"life_story_block":{"life_story_block":false},"is_star":false,"gender":2,"ins_id":"","with_fusion_shop_entry":true,"country":"中国","recommend_user_reason_source":0,"province":"浙江","iso_country_code":"CN","commerce_user_info":{"star_atlas":1,"show_star_atlas_cooperation":true,"has_ads_entry":false,"ad_revenue_rits":null},"uid":"107852699495","follower_count":606785,"original_musician":{"music_count":0,"music_used_count":0,"digg_count":0},"commerce_user_level":0,"follower_status":0,"tab_settings":{"private_tab":{"show_private_tab":false,"private_tab_style":1}},"urge_detail":{"user_urged":0},"show_favorite_list":true,"cover_url":[{"uri":"2f9d50000e5cb1d719635","url_list":["https://p9-dy.byteimg.com/obj/2f9d50000e5cb1d719635?from=1247829622","https://p1-dy.byteimg.com/obj/2f9d50000e5cb1d719635?from=1247829622","https://p3-dy.byteimg.com/obj/2f9d50000e5cb1d719635?from=1247829622"]},{"uri":"c8510002be9a3a61aad2","url_list":["https://p6-dy-ipv6.byteimg.com/obj/c8510002be9a3a61aad2?from=1247829622","https://p29-dy.byteimg.com/obj/c8510002be9a3a61aad2?from=1247829622","https://p3-dy.byteimg.com/obj/c8510002be9a3a61aad2?from=1247829622"]}],"location":"宁波","anchor_info":{"scheduled_master_switch":false,"scheduled_profile_switch":true,"scheduled_time_text":"今天20:10"},"white_cover_url":[{"uri":"2f9d50000e5cb1d719635","url_list":["https://p9-dy.byteimg.com/obj/2f9d50000e5cb1d719635?from=1247829622","https://p1-dy.byteimg.com/obj/2f9d50000e5cb1d719635?from=1247829622","https://p3-dy.byteimg.com/obj/2f9d50000e5cb1d719635?from=1247829622"]},{"uri":"318f1000413827e122102","url_list":["https://p9-dy-ipv6.byteimg.com/obj/318f1000413827e122102?from=1247829622","https://p1-dy.byteimg.com/obj/318f1000413827e122102?from=1247829622","https://p3-dy.byteimg.com/obj/318f1000413827e122102?from=1247829622"]}],"avatar_medium":{"uri":"2f7af000675b8031e874f","url_list":["https://p9-dy-ipv6.byteimg.com/aweme/720x720/2f7af000675b8031e874f.jpeg?from=4010531038","https://p3-dy.byteimg.com/aweme/720x720/2f7af000675b8031e874f.jpeg?from=4010531038","https://p6-dy-ipv6.byteimg.com/aweme/720x720/2f7af000675b8031e874f.jpeg?from=4010531038"]},"aweme_count":79,"favoriting_count":551,"youtube_channel_id":"","youtube_channel_title":"","following_count":131,"sync_to_toutiao":0,"is_gov_media_vip":false,"forward_count":0,"mplatform_followers_count":606785,"commerce_info":{"challenge_list":[],"offline_info_list":[]},"profile_tab_type":0,"is_effect_artist":false,"with_commerce_enterprise_tab_entry":false},"extra":{"now":1594714565000},"log_pb":{"impr_id":"202007141616050100140460252305A88E"},"status_code":0}
