{"status_code":0,"user":{"commerce_user_level":0,"twitter_name":"","aweme_count":383,"following_count":1,"follower_count":6658326,"follower_status":0,"favoriting_count":6,"is_block":false,"is_gov_media_vip":false,"urge_detail":{"user_urged":0},"forward_count":9,"share_info":{"share_image_url":{"url_list":null},"bool_persist":1,"share_url":"www.iesdouyin.com/share/user/67768544306?u_code=1jf98imk4c1b&sec_uid=MS4wLjABAAAAvCRDvAM6FVQKyHqBGbspBtALMXo1P9JnhwTW2RGNark","share_weibo_desc":" ","share_desc":"在抖音，记录美好生活！","share_title":"快来加入抖音，让你发现最有趣的我！","share_qrcode_url":{"uri":"330a002248cf8c260e94","url_list":["https://p3-dy-ipv6.byteimg.com/obj/330a002248cf8c260e94","https://p29-dy.byteimg.com/obj/330a002248cf8c260e94","https://p6-dy-ipv6.byteimg.com/obj/330a002248cf8c260e94"]}},"dongtai_count":392,"profile_tab_type":0,"r_fans_group_info":{},"nickname":"Pony朴惠敏","secret":0,"is_effect_artist":false,"ins_id":"","twitter_id":"","with_new_goods":false,"province":"上海","enterprise_user_info":"{\"commerce_info\":{\"offline_info_list\":[],\"challenge_list\":[]},\"homepage_bottom_toast\":[],\"permissions\":[{\"Id\":3,\"Key\":\"ItemShop\",\"Name\":\"视频电商\",\"AppId\":1128,\"Status\":1,\"Extra\":null,\"Customization\":null,\"Parent\":0},{\"Id\":4,\"Key\":\"LiveShop\",\"Name\":\"直播电商\",\"AppId\":1128,\"Status\":1,\"Extra\":null,\"Customization\":null,\"Parent\":0},{\"Id\":5,\"Key\":\"UserShop\",\"Name\":\"个人橱窗\",\"AppId\":1128,\"Status\":1,\"Extra\":null,\"Customization\":null,\"Parent\":0}]}","uid":"67768544306","birthday":"","enterprise_verify_reason":"","district":"","commerce_user_info":{"ad_revenue_rits":null,"star_atlas":1,"show_star_atlas_cooperation":true,"has_ads_entry":false},"unique_id":"","apple_account":0,"cover_url":[{"uri":"2e1f30004438351b41608","url_list":["https://p26-dy.byteimg.com/obj/2e1f30004438351b41608?from=1247829622","https://p6-dy-ipv6.byteimg.com/obj/2e1f30004438351b41608?from=1247829622","https://p9-dy.byteimg.com/obj/2e1f30004438351b41608?from=1247829622"]},{"uri":"c8510002be9a3a61aad2","url_list":["https://p3-dy.byteimg.com/obj/c8510002be9a3a61aad2?from=1247829622","https://p6-dy-ipv6.byteimg.com/obj/c8510002be9a3a61aad2?from=1247829622","https://p9-dy.byteimg.com/obj/c8510002be9a3a61aad2?from=1247829622"]}],"white_cover_url":[{"uri":"2e1f30004438351b41608","url_list":["https://p26-dy.byteimg.com/obj/2e1f30004438351b41608?from=1247829622","https://p6-dy-ipv6.byteimg.com/obj/2e1f30004438351b41608?from=1247829622","https://p9-dy.byteimg.com/obj/2e1f30004438351b41608?from=1247829622"]},{"uri":"318f1000413827e122102","url_list":["https://p6-dy-ipv6.byteimg.com/obj/318f1000413827e122102?from=1247829622","https://p29-dy.byteimg.com/obj/318f1000413827e122102?from=1247829622","https://p9-dy.byteimg.com/obj/318f1000413827e122102?from=1247829622"]}],"recommend_reason_relation":"","tab_settings":{"private_tab":{"private_tab_style":1,"show_private_tab":false}},"is_activity_user":false,"sync_to_toutiao":1,"watch_status":false,"short_id":"67381969","avatar_thumb":{"uri":"fd0600056f95cfef7f00","url_list":["https://p3-dy.byteimg.com/aweme/100x100/fd0600056f95cfef7f00.jpeg?from=4010531038","https://p6-dy-ipv6.byteimg.com/aweme/100x100/fd0600056f95cfef7f00.jpeg?from=4010531038","https://p29-dy.byteimg.com/aweme/100x100/fd0600056f95cfef7f00.jpeg?from=4010531038"]},"room_id":0,"signature_language":"zh","sec_uid":"MS4wLjABAAAAvCRDvAM6FVQKyHqBGbspBtALMXo1P9JnhwTW2RGNark","video_cover":{},"followers_detail":[{"download_url":"https://d.douyin.com/JsvN/","package_name":"com.ss.android.ugc.aweme","app_name":"aweme","name":"抖音","icon":"http://p3.pstatp.com/origin/50ec00079b64de2050dc","fans_count":6658326,"open_url":"snssdk1128://user/profile/67768544306?","apple_id":"1142110895"},{"download_url":"https://d.toutiao.com/YjjY/","package_name":"com.ss.android.article.news","app_name":"news_article","name":"头条","icon":"http://p3.pstatp.com/origin/50ed00079a1b6b8d1fb1","fans_count":597726,"open_url":"snssdk143://profile?uid=51974848124","apple_id":"529092160"},{"app_name":"live_stream","name":"抖音火山版","icon":"http://p3.pstatp.com/origin/2ea5c000abe106154adef","fans_count":65207,"open_url":"snssdk1112://profile?id=4503667395914802","apple_id":"1086047750","download_url":"http://d.huoshanzhibo.com/eFvB/","package_name":"com.ss.android.ugc.live"}],"video_icon":{"uri":"","url_list":[]},"avatar_168x168":{"uri":"fd0600056f95cfef7f00","url_list":["https://p3-dy.byteimg.com/img/fd0600056f95cfef7f00~c5_168x168.webp?from=4010531038","https://p29-dy.byteimg.com/img/fd0600056f95cfef7f00~c5_168x168.webp?from=4010531038","https://p6-dy-ipv6.byteimg.com/img/fd0600056f95cfef7f00~c5_168x168.webp?from=4010531038"]},"total_favorited":25985252,"commerce_info":{"offline_info_list":[],"challenge_list":[]},"with_fusion_shop_entry":true,"message_chat_entry":true,"live_commerce":true,"is_blocked":false,"shop_micro_app":"","with_commerce_entry":true,"mplatform_followers_count":7321259,"life_story_block":{"life_story_block":false},"is_star":false,"birthday_hide_level":1,"avatar_medium":{"uri":"fd0600056f95cfef7f00","url_list":["https://p9-dy.byteimg.com/aweme/720x720/fd0600056f95cfef7f00.jpeg?from=4010531038","https://p3-dy.byteimg.com/aweme/720x720/fd0600056f95cfef7f00.jpeg?from=4010531038","https://p6-dy-ipv6.byteimg.com/aweme/720x720/fd0600056f95cfef7f00.jpeg?from=4010531038"]},"follow_status":1,"custom_verify":"优质视频创作者","recommend_user_reason_source":0,"signature":"全网6000W+粉丝、最全妆容教程\n工作邮箱：pony@nanjids.com","city":"上海","original_musician":{"music_used_count":0,"digg_count":0,"music_count":0},"avatar_300x300":{"uri":"fd0600056f95cfef7f00","url_list":["https://p9-dy.byteimg.com/img/fd0600056f95cfef7f00~c5_300x300.webp?from=4010531038","https://p6-dy-ipv6.byteimg.com/img/fd0600056f95cfef7f00~c5_300x300.webp?from=4010531038","https://p26-dy.byteimg.com/img/fd0600056f95cfef7f00~c5_300x300.webp?from=4010531038"]},"show_favorite_list":true,"gender":2,"youtube_channel_id":"","with_commerce_enterprise_tab_entry":false,"country":"中国","avatar_larger":{"uri":"fd0600056f95cfef7f00","url_list":["https://p6-dy-ipv6.byteimg.com/aweme/1080x1080/fd0600056f95cfef7f00.jpeg?from=4010531038","https://p26-dy.byteimg.com/aweme/1080x1080/fd0600056f95cfef7f00.jpeg?from=4010531038","https://p9-dy.byteimg.com/aweme/1080x1080/fd0600056f95cfef7f00.jpeg?from=4010531038"]},"verification_type":1,"youtube_channel_title":""},"extra":{"now":1594998068000},"log_pb":{"impr_id":"202007172301080100190171071E11E566"}}
