{"status_code":0,"user":{"with_new_goods":false,"short_id":"9510889","gender":2,"total_favorited":181238643,"enterprise_verify_reason":"","sync_to_toutiao":1,"youtube_channel_id":"","is_blocked":false,"follow_status":1,"verification_type":0,"with_commerce_enterprise_tab_entry":false,"video_icon":{"uri":"","url_list":[]},"twitter_id":"","r_fans_group_info":{},"recommend_user_reason_source":0,"avatar_thumb":{"uri":"285920004695016a2c3f3","url_list":["https://p6-dy-ipv6.byteimg.com/aweme/100x100/285920004695016a2c3f3.jpeg?from=4010531038","https://p3-dy.byteimg.com/aweme/100x100/285920004695016a2c3f3.jpeg?from=4010531038","https://p9-dy.byteimg.com/aweme/100x100/285920004695016a2c3f3.jpeg?from=4010531038"]},"profile_tab_type":0,"watch_status":false,"avatar_300x300":{"uri":"285920004695016a2c3f3","url_list":["https://p3-dy.byteimg.com/img/285920004695016a2c3f3~c5_300x300.webp?from=4010531038","https://p9-dy.byteimg.com/img/285920004695016a2c3f3~c5_300x300.webp?from=4010531038","https://p26-dy.byteimg.com/img/285920004695016a2c3f3~c5_300x300.webp?from=4010531038"]},"nickname":"莫邪","favoriting_count":305,"recommend_reason_relation":"","is_effect_artist":false,"avatar_168x168":{"uri":"285920004695016a2c3f3","url_list":["https://p3-dy.byteimg.com/img/285920004695016a2c3f3~c5_168x168.webp?from=4010531038","https://p6-dy-ipv6.byteimg.com/img/285920004695016a2c3f3~c5_168x168.webp?from=4010531038","https://p9-dy.byteimg.com/img/285920004695016a2c3f3~c5_168x168.webp?from=4010531038"]},"signature":"一个制仗少女的高仪式感日常\n围脖🧣：莫邪MM\n商务合作：yj441911 （注明合作品牌）\n欢迎投稿❤️：mxa11221","unique_id":"","followers_detail":[{"name":"抖音","icon":"http://p3.pstatp.com/origin/50ec00079b64de2050dc","fans_count":22792326,"open_url":"snssdk1128://user/profile/59220767995?","apple_id":"1142110895","download_url":"https://d.douyin.com/JsvN/","package_name":"com.ss.android.ugc.aweme","app_name":"aweme"},{"app_name":"news_article","name":"头条","icon":"http://p3.pstatp.com/origin/50ed00079a1b6b8d1fb1","fans_count":298606,"open_url":"snssdk143://profile?uid=2211825016381740","apple_id":"529092160","download_url":"https://d.toutiao.com/YjjY/","package_name":"com.ss.android.article.news"},{"icon":"http://p3.pstatp.com/origin/2ea5c000abe106154adef","fans_count":71499,"open_url":"snssdk1112://profile?id=2880328085025485","apple_id":"1086047750","download_url":"http://d.huoshanzhibo.com/eFvB/","package_name":"com.ss.android.ugc.live","app_name":"live_stream","name":"抖音火山版"}],"commerce_info":{"offline_info_list":[],"challenge_list":[]},"shop_micro_app":"","urge_detail":{"user_urged":0},"forward_count":14,"aweme_count":124,"follower_count":22792326,"custom_verify":"","share_info":{"share_title":"快来加入抖音，让你发现最有趣的我！","share_qrcode_url":{"uri":"216a0028c33a03369c16","url_list":["https://p26-dy.byteimg.com/obj/216a0028c33a03369c16","https://p6-dy-ipv6.byteimg.com/obj/216a0028c33a03369c16","https://p9-dy.byteimg.com/obj/216a0028c33a03369c16"]},"share_image_url":{"url_list":null},"bool_persist":1,"share_url":"www.iesdouyin.com/share/user/59220767995?sec_uid=MS4wLjABAAAAdLun70v1eGwI6FuPoE7leS5_6hDfvPfXkxAq5ytwFkI&u_code=1jf98imk4c1b","share_weibo_desc":" ","share_desc":"在抖音，记录美好生活！"},"secret":0,"district":"天河","uid":"59220767995","room_id":0,"dongtai_count":138,"white_cover_url":[{"uri":"2d5d9000398e988f97a4e","url_list":["https://p1-dy-ipv6.byteimg.com/obj/2d5d9000398e988f97a4e?from=1247829622","https://p26-dy.byteimg.com/obj/2d5d9000398e988f97a4e?from=1247829622","https://p3-dy.byteimg.com/obj/2d5d9000398e988f97a4e?from=1247829622"]},{"uri":"318f1000413827e122102","url_list":["https://p3-dy.byteimg.com/obj/318f1000413827e122102?from=1247829622","https://p6-dy-ipv6.byteimg.com/obj/318f1000413827e122102?from=1247829622","https://p9-dy.byteimg.com/obj/318f1000413827e122102?from=1247829622"]}],"message_chat_entry":true,"avatar_medium":{"uri":"285920004695016a2c3f3","url_list":["https://p6-dy-ipv6.byteimg.com/aweme/720x720/285920004695016a2c3f3.jpeg?from=4010531038","https://p9-dy.byteimg.com/aweme/720x720/285920004695016a2c3f3.jpeg?from=4010531038","https://p3-dy.byteimg.com/aweme/720x720/285920004695016a2c3f3.jpeg?from=4010531038"]},"with_fusion_shop_entry":true,"cover_url":[{"uri":"2d5d9000398e988f97a4e","url_list":["https://p1-dy-ipv6.byteimg.com/obj/2d5d9000398e988f97a4e?from=1247829622","https://p26-dy.byteimg.com/obj/2d5d9000398e988f97a4e?from=1247829622","https://p3-dy.byteimg.com/obj/2d5d9000398e988f97a4e?from=1247829622"]},{"uri":"c8510002be9a3a61aad2","url_list":["https://p9-dy.byteimg.com/obj/c8510002be9a3a61aad2?from=1247829622","https://p6-dy-ipv6.byteimg.com/obj/c8510002be9a3a61aad2?from=1247829622","https://p3-dy.byteimg.com/obj/c8510002be9a3a61aad2?from=1247829622"]}],"signature_language":"zh","tab_settings":{"private_tab":{"show_private_tab":false,"private_tab_style":1}},"is_activity_user":false,"show_favorite_list":true,"video_cover":{},"following_count":162,"is_block":false,"twitter_name":"","country":"中国","city":"广州","life_story_block":{"life_story_block":false},"general_permission":{"following_follower_list_toast":1},"anchor_info":{"scheduled_master_switch":false,"scheduled_profile_switch":true,"scheduled_time_text":"每周一至周六20:00"},"location":"广州","enterprise_user_info":"{\"commerce_info\":{\"offline_info_list\":[],\"challenge_list\":[]},\"homepage_bottom_toast\":[],\"permissions\":[{\"Id\":4,\"Key\":\"LiveShop\",\"Name\":\"直播电商\",\"AppId\":1128,\"Status\":1,\"Extra\":null,\"Customization\":null,\"Parent\":0},{\"Id\":5,\"Key\":\"UserShop\",\"Name\":\"个人橱窗\",\"AppId\":1128,\"Status\":1,\"Extra\":null,\"Customization\":null,\"Parent\":0},{\"Id\":3,\"Key\":\"ItemShop\",\"Name\":\"视频电商\",\"AppId\":1128,\"Status\":1,\"Extra\":null,\"Customization\":null,\"Parent\":0}]}","sec_uid":"MS4wLjABAAAAdLun70v1eGwI6FuPoE7leS5_6hDfvPfXkxAq5ytwFkI","mplatform_followers_count":23162431,"commerce_user_level":0,"ins_id":"","follower_status":0,"live_commerce":true,"province":"广东","iso_country_code":"CN","birthday":"1997-01-01","with_commerce_entry":true,"original_musician":{"music_count":0,"music_used_count":0,"digg_count":0},"youtube_channel_title":"","apple_account":0,"is_star":false,"avatar_larger":{"uri":"285920004695016a2c3f3","url_list":["https://p3-dy.byteimg.com/aweme/1080x1080/285920004695016a2c3f3.jpeg?from=4010531038","https://p9-dy.byteimg.com/aweme/1080x1080/285920004695016a2c3f3.jpeg?from=4010531038","https://p29-dy.byteimg.com/aweme/1080x1080/285920004695016a2c3f3.jpeg?from=4010531038"]},"is_gov_media_vip":false,"commerce_user_info":{"star_atlas":1,"show_star_atlas_cooperation":true,"has_ads_entry":false,"ad_revenue_rits":null},"birthday_hide_level":0},"extra":{"now":1594714582000},"log_pb":{"impr_id":"2020071416162201001404003906053A1C"}}
