{"status_code":0,"user":{"profile_tab_type":0,"life_story_block":{"life_story_block":false},"r_fans_group_info":{},"is_blocked":false,"enterprise_verify_reason":"","nickname":"犀利妈Ly媛媛","with_commerce_entry":true,"verification_type":0,"dongtai_count":410,"short_id":"0","avatar_medium":{"uri":"2f92f000772e37baae25c","url_list":["https://p6-dy-ipv6.byteimg.com/aweme/720x720/2f92f000772e37baae25c.jpeg?from=4010531038","https://p26-dy.byteimg.com/aweme/720x720/2f92f000772e37baae25c.jpeg?from=4010531038","https://p3-dy.byteimg.com/aweme/720x720/2f92f000772e37baae25c.jpeg?from=4010531038"]},"province":"","signature":"视频里汉服都在👆👆👆橱窗里了\n国风，汉服、古风爱好者，真人扎发教程！\n（每周五晚8点直播秒汉服，送福利）\nQQ唠嗑群：575631429\n\n同袍V：xilima2020（日常动态）\n\n合作V：xilimaLY\n（本人不会主动联系商家推广，谨防受骗）","is_block":false,"followers_detail":[{"open_url":"snssdk1128://user/profile/59470440973?","apple_id":"1142110895","download_url":"https://d.douyin.com/JsvN/","package_name":"com.ss.android.ugc.aweme","app_name":"aweme","name":"抖音","icon":"http://p3.pstatp.com/origin/50ec00079b64de2050dc","fans_count":1178692},{"icon":"http://p3.pstatp.com/origin/50ed00079a1b6b8d1fb1","fans_count":37342,"open_url":"snssdk143://profile?uid=66456667654","apple_id":"529092160","download_url":"https://d.toutiao.com/YjjY/","package_name":"com.ss.android.article.news","app_name":"news_article","name":"头条"},{"apple_id":"1086047750","download_url":"http://d.huoshanzhibo.com/eFvB/","package_name":"com.ss.android.ugc.live","app_name":"live_stream","name":"抖音火山版","icon":"http://p3.pstatp.com/origin/2ea5c000abe106154adef","fans_count":51664,"open_url":"snssdk1112://profile?id=4503664095560088"}],"commerce_info":{"offline_info_list":[],"challenge_list":[]},"urge_detail":{"user_urged":0},"favoriting_count":0,"district":"","total_favorited":16770119,"custom_verify":"","avatar_168x168":{"uri":"2f92f000772e37baae25c","url_list":["https://p3-dy.byteimg.com/img/2f92f000772e37baae25c~c5_168x168.webp?from=4010531038","https://p6-dy-ipv6.byteimg.com/img/2f92f000772e37baae25c~c5_168x168.webp?from=4010531038","https://p29-dy.byteimg.com/img/2f92f000772e37baae25c~c5_168x168.webp?from=4010531038"]},"signature_language":"zh","forward_count":120,"uid":"59470440973","avatar_thumb":{"uri":"2f92f000772e37baae25c","url_list":["https://p1-dy-ipv6.byteimg.com/aweme/100x100/2f92f000772e37baae25c.jpeg?from=4010531038","https://p9-dy.byteimg.com/aweme/100x100/2f92f000772e37baae25c.jpeg?from=4010531038","https://p3-dy.byteimg.com/aweme/100x100/2f92f000772e37baae25c.jpeg?from=4010531038"]},"following_count":322,"school_name":"","youtube_channel_title":"","white_cover_url":[{"uri":"2e6f70002a9be4530324a","url_list":["https://p3-dy.byteimg.com/obj/2e6f70002a9be4530324a?from=1247829622","https://p6-dy-ipv6.byteimg.com/obj/2e6f70002a9be4530324a?from=1247829622","https://p26-dy.byteimg.com/obj/2e6f70002a9be4530324a?from=1247829622"]},{"url_list":["https://p6-dy-ipv6.byteimg.com/obj/318f1000413827e122102?from=1247829622","https://p29-dy.byteimg.com/obj/318f1000413827e122102?from=1247829622","https://p3-dy.byteimg.com/obj/318f1000413827e122102?from=1247829622"],"uri":"318f1000413827e122102"}],"gender":2,"unique_id":"liyuanyuan208","commerce_user_level":0,"with_fusion_shop_entry":true,"twitter_id":"","with_commerce_enterprise_tab_entry":false,"is_activity_user":false,"location":"","avatar_larger":{"uri":"2f92f000772e37baae25c","url_list":["https://p9-dy.byteimg.com/aweme/1080x1080/2f92f000772e37baae25c.jpeg?from=4010531038","https://p3-dy.byteimg.com/aweme/1080x1080/2f92f000772e37baae25c.jpeg?from=4010531038","https://p6-dy-ipv6.byteimg.com/aweme/1080x1080/2f92f000772e37baae25c.jpeg?from=4010531038"]},"sync_to_toutiao":1,"follower_status":0,"watch_status":false,"recommend_user_reason_source":0,"birthday":"1912-01-01","original_musician":{"music_count":0,"music_used_count":0,"digg_count":0},"mplatform_followers_count":1267698,"secret":0,"youtube_channel_id":"","is_effect_artist":false,"birthday_hide_level":0,"aweme_count":290,"iso_country_code":"BE","shop_micro_app":"","commerce_user_info":{"star_atlas":1,"show_star_atlas_cooperation":true,"has_ads_entry":true,"ad_revenue_rits":null},"message_chat_entry":true,"room_id":0,"video_icon":{"uri":"","url_list":[]},"apple_account":0,"is_gov_media_vip":false,"city":"","cover_url":[{"uri":"2e6f70002a9be4530324a","url_list":["https://p3-dy.byteimg.com/obj/2e6f70002a9be4530324a?from=1247829622","https://p6-dy-ipv6.byteimg.com/obj/2e6f70002a9be4530324a?from=1247829622","https://p26-dy.byteimg.com/obj/2e6f70002a9be4530324a?from=1247829622"]},{"uri":"c8510002be9a3a61aad2","url_list":["https://p1-dy-ipv6.byteimg.com/obj/c8510002be9a3a61aad2?from=1247829622","https://p29-dy.byteimg.com/obj/c8510002be9a3a61aad2?from=1247829622","https://p6-dy-ipv6.byteimg.com/obj/c8510002be9a3a61aad2?from=1247829622"]}],"recommend_reason_relation":"","show_favorite_list":false,"share_info":{"share_weibo_desc":" ","share_desc":"在抖音，记录美好生活！","share_title":"快来加入抖音，让你发现最有趣的我！","share_qrcode_url":{"uri":"2bda0016d40393395b2c","url_list":["https://p9-dy-ipv6.byteimg.com/obj/2bda0016d40393395b2c","https://p6-dy-ipv6.byteimg.com/obj/2bda0016d40393395b2c","https://p26-dy.byteimg.com/obj/2bda0016d40393395b2c"]},"share_image_url":{"url_list":null},"bool_persist":1,"share_url":"www.iesdouyin.com/share/user/59470440973?u_code=1jf98imk4c1b&sec_uid=MS4wLjABAAAAj4SKOSPj8erxzy9e-ohabYHmts1IHtMoyNrcz8udkEc"},"anchor_info":{"scheduled_master_switch":true,"scheduled_profile_switch":false,"scheduled_time_text":"每周五20:00"},"enterprise_user_info":"{\"commerce_info\":{\"offline_info_list\":[],\"challenge_list\":[]},\"homepage_bottom_toast\":[],\"permissions\":[{\"Id\":4,\"Key\":\"LiveShop\",\"Name\":\"直播电商\",\"AppId\":1128,\"Status\":1,\"Extra\":null,\"Customization\":null,\"Parent\":0},{\"Id\":5,\"Key\":\"UserShop\",\"Name\":\"个人橱窗\",\"AppId\":1128,\"Status\":1,\"Extra\":null,\"Customization\":null,\"Parent\":0},{\"Id\":3,\"Key\":\"ItemShop\",\"Name\":\"视频电商\",\"AppId\":1128,\"Status\":1,\"Extra\":null,\"Customization\":null,\"Parent\":0}]}","country":"比利时","with_new_goods":false,"is_star":false,"avatar_300x300":{"uri":"2f92f000772e37baae25c","url_list":["https://p26-dy.byteimg.com/img/2f92f000772e37baae25c~c5_300x300.webp?from=4010531038","https://p29-dy.byteimg.com/img/2f92f000772e37baae25c~c5_300x300.webp?from=4010531038","https://p3-dy.byteimg.com/img/2f92f000772e37baae25c~c5_300x300.webp?from=4010531038"]},"video_cover":{},"follow_status":1,"twitter_name":"","sec_uid":"MS4wLjABAAAAj4SKOSPj8erxzy9e-ohabYHmts1IHtMoyNrcz8udkEc","follower_count":1178692,"live_commerce":true,"tab_settings":{"private_tab":{"show_private_tab":false,"private_tab_style":1}},"ins_id":""},"extra":{"now":1594714586000},"log_pb":{"impr_id":"202007141616260100120591582604A6AF"}}
