{"status_code":0,"user":{"avatar_larger":{"uri":"31b4f00009a4dbdc61fe3","url_list":["https://p9-dy.byteimg.com/aweme/1080x1080/31b4f00009a4dbdc61fe3.jpeg?from=4010531038","https://p3-dy.byteimg.com/aweme/1080x1080/31b4f00009a4dbdc61fe3.jpeg?from=4010531038","https://p6-dy-ipv6.byteimg.com/aweme/1080x1080/31b4f00009a4dbdc61fe3.jpeg?from=4010531038"]},"apple_account":0,"commerce_user_info":{"star_atlas":1,"show_star_atlas_cooperation":false,"has_ads_entry":false,"ad_revenue_rits":null},"birthday_hide_level":0,"is_activity_user":false,"show_favorite_list":true,"nickname":"温仙女","original_musician":{"music_count":0,"music_used_count":0,"digg_count":0},"youtube_channel_id":"","with_commerce_enterprise_tab_entry":false,"short_id":"1486818558","is_star":false,"is_blocked":false,"follow_status":1,"province":"四川","profile_tab_type":0,"watch_status":false,"ins_id":"","with_new_goods":false,"city":"成都","video_cover":{},"gender":2,"avatar_medium":{"uri":"31b4f00009a4dbdc61fe3","url_list":["https://p3-dy.byteimg.com/aweme/720x720/31b4f00009a4dbdc61fe3.jpeg?from=4010531038","https://p6-dy-ipv6.byteimg.com/aweme/720x720/31b4f00009a4dbdc61fe3.jpeg?from=4010531038","https://p9-dy.byteimg.com/aweme/720x720/31b4f00009a4dbdc61fe3.jpeg?from=4010531038"]},"favoriting_count":1,"sync_to_toutiao":0,"room_id":0,"urge_detail":{"user_urged":0},"forward_count":1,"youtube_channel_title":"","country":"中国","avatar_168x168":{"uri":"31b4f00009a4dbdc61fe3","url_list":["https://p26-dy.byteimg.com/img/31b4f00009a4dbdc61fe3~c5_168x168.webp?from=4010531038","https://p3-dy.byteimg.com/img/31b4f00009a4dbdc61fe3~c5_168x168.webp?from=4010531038","https://p6-dy-ipv6.byteimg.com/img/31b4f00009a4dbdc61fe3~c5_168x168.webp?from=4010531038"]},"sec_uid":"MS4wLjABAAAA6VCj7eXLSO49vX8Fi5BBgLCvhVFv4FOACsBZUfCHd50","secret":0,"follower_status":0,"commerce_info":{"offline_info_list":[],"challenge_list":[]},"video_icon":{"uri":"","url_list":[]},"recommend_user_reason_source":0,"with_commerce_entry":true,"total_favorited":45402936,"is_block":false,"with_fusion_shop_entry":true,"twitter_name":"","uid":"104010244582","avatar_thumb":{"uri":"31b4f00009a4dbdc61fe3","url_list":["https://p9-dy.byteimg.com/aweme/100x100/31b4f00009a4dbdc61fe3.jpeg?from=4010531038","https://p26-dy.byteimg.com/aweme/100x100/31b4f00009a4dbdc61fe3.jpeg?from=4010531038","https://p6-dy-ipv6.byteimg.com/aweme/100x100/31b4f00009a4dbdc61fe3.jpeg?from=4010531038"]},"birthday":"1997-01-01","following_count":1,"avatar_300x300":{"uri":"31b4f00009a4dbdc61fe3","url_list":["https://p26-dy.byteimg.com/img/31b4f00009a4dbdc61fe3~c5_300x300.webp?from=4010531038","https://p29-dy.byteimg.com/img/31b4f00009a4dbdc61fe3~c5_300x300.webp?from=4010531038","https://p3-dy.byteimg.com/img/31b4f00009a4dbdc61fe3~c5_300x300.webp?from=4010531038"]},"tab_settings":{"private_tab":{"show_private_tab":false,"private_tab_style":1}},"dongtai_count":150,"signature_language":"zh","message_chat_entry":true,"white_cover_url":[{"uri":"31a970003518a5c584375","url_list":["https://p9-dy.byteimg.com/obj/31a970003518a5c584375?from=1247829622","https://p6-dy-ipv6.byteimg.com/obj/31a970003518a5c584375?from=1247829622","https://p29-dy.byteimg.com/obj/31a970003518a5c584375?from=1247829622"]},{"uri":"318f1000413827e122102","url_list":["https://p9-dy.byteimg.com/obj/318f1000413827e122102?from=1247829622","https://p6-dy-ipv6.byteimg.com/obj/318f1000413827e122102?from=1247829622","https://p3-dy.byteimg.com/obj/318f1000413827e122102?from=1247829622"]}],"signature":"苹果原置测评 无美颜无滤镜\n🧣：是个温精灵","mplatform_followers_count":6085594,"commerce_user_level":0,"twitter_id":"","follower_count":6085594,"followers_detail":[{"download_url":"https://d.douyin.com/JsvN/","package_name":"com.ss.android.ugc.aweme","app_name":"aweme","name":"抖音","icon":"http://p3.pstatp.com/origin/50ec00079b64de2050dc","fans_count":6085594,"open_url":"snssdk1128://user/profile/104010244582?","apple_id":"1142110895"},{"fans_count":0,"open_url":"snssdk143://profile?uid=0","apple_id":"529092160","download_url":"https://d.toutiao.com/YjjY/","package_name":"com.ss.android.article.news","app_name":"news_article","name":"头条","icon":"http://p3.pstatp.com/origin/50ed00079a1b6b8d1fb1"},{"download_url":"http://d.huoshanzhibo.com/eFvB/","package_name":"com.ss.android.ugc.live","app_name":"live_stream","name":"抖音火山版","icon":"http://p3.pstatp.com/origin/2ea5c000abe106154adef","fans_count":0,"open_url":"snssdk1112://profile?id=0","apple_id":"1086047750"}],"cover_url":[{"uri":"31a970003518a5c584375","url_list":["https://p9-dy.byteimg.com/obj/31a970003518a5c584375?from=1247829622","https://p6-dy-ipv6.byteimg.com/obj/31a970003518a5c584375?from=1247829622","https://p29-dy.byteimg.com/obj/31a970003518a5c584375?from=1247829622"]},{"uri":"c8510002be9a3a61aad2","url_list":["https://p29-dy.byteimg.com/obj/c8510002be9a3a61aad2?from=1247829622","https://p6-dy-ipv6.byteimg.com/obj/c8510002be9a3a61aad2?from=1247829622","https://p3-dy.byteimg.com/obj/c8510002be9a3a61aad2?from=1247829622"]}],"shop_micro_app":"","custom_verify":"","recommend_reason_relation":"","life_story_block":{"life_story_block":false},"enterprise_user_info":"{\"commerce_info\":{\"offline_info_list\":[],\"challenge_list\":[]},\"homepage_bottom_toast\":[],\"permissions\":[{\"Id\":3,\"Key\":\"ItemShop\",\"Name\":\"视频电商\",\"AppId\":1128,\"Status\":1,\"Extra\":null,\"Customization\":null,\"Parent\":0},{\"Id\":5,\"Key\":\"UserShop\",\"Name\":\"个人橱窗\",\"AppId\":1128,\"Status\":1,\"Extra\":null,\"Customization\":null,\"Parent\":0},{\"Id\":4,\"Key\":\"LiveShop\",\"Name\":\"直播电商\",\"AppId\":1128,\"Status\":1,\"Extra\":null,\"Customization\":null,\"Parent\":0}]}","live_commerce":true,"district":"武侯","is_effect_artist":false,"aweme_count":149,"share_info":{"share_image_url":{"url_list":null},"bool_persist":1,"share_url":"www.iesdouyin.com/share/user/104010244582?u_code=1jf98imk4c1b&sec_uid=MS4wLjABAAAA6VCj7eXLSO49vX8Fi5BBgLCvhVFv4FOACsBZUfCHd50","share_weibo_desc":" ","share_desc":"在抖音，记录美好生活！","share_title":"快来加入抖音，让你发现最有趣的我！","share_qrcode_url":{"uri":"bded001e7ca5c4776ea5","url_list":["https://p9-dy-ipv6.byteimg.com/obj/bded001e7ca5c4776ea5","https://p3-dy.byteimg.com/obj/bded001e7ca5c4776ea5","https://p29-dy.byteimg.com/obj/bded001e7ca5c4776ea5"]}},"verification_type":0,"is_gov_media_vip":false,"unique_id":"","enterprise_verify_reason":"","r_fans_group_info":{}},"extra":{"now":1594998026000},"log_pb":{"impr_id":"2020071723002601000804308804115933"}}
