{"status_code":0,"user":{"aweme_count":207,"youtube_channel_id":"","province":"北京","is_blocked":false,"secret":0,"shop_micro_app":"","avatar_larger":{"url_list":["https://p3-dy-ipv6.byteimg.com/aweme/1080x1080/2dfb8000530784b643104.jpeg?from=4010531038","https://p29-dy.byteimg.com/aweme/1080x1080/2dfb8000530784b643104.jpeg?from=4010531038","https://p9-dy.byteimg.com/aweme/1080x1080/2dfb8000530784b643104.jpeg?from=4010531038"],"uri":"2dfb8000530784b643104"},"favoriting_count":57,"school_name":"深圳大学","verification_type":0,"followers_detail":[{"download_url":"https://d.douyin.com/JsvN/","package_name":"com.ss.android.ugc.aweme","app_name":"aweme","name":"抖音","icon":"http://p3.pstatp.com/origin/50ec00079b64de2050dc","fans_count":416806,"open_url":"snssdk1128://user/profile/58529920833?","apple_id":"1142110895"},{"app_name":"news_article","name":"头条","icon":"http://p3.pstatp.com/origin/50ed00079a1b6b8d1fb1","fans_count":0,"open_url":"snssdk143://profile?uid=0","apple_id":"529092160","download_url":"https://d.toutiao.com/YjjY/","package_name":"com.ss.android.article.news"},{"icon":"http://p3.pstatp.com/origin/2ea5c000abe106154adef","fans_count":0,"open_url":"snssdk1112://profile?id=0","apple_id":"1086047750","download_url":"http://d.huoshanzhibo.com/eFvB/","package_name":"com.ss.android.ugc.live","app_name":"live_stream","name":"抖音火山版"}],"commerce_info":{"offline_info_list":[],"challenge_list":[]},"uid":"58529920833","sync_to_toutiao":0,"ins_id":"","youtube_channel_title":"","signature_language":"zh","forward_count":1,"live_commerce":true,"commerce_user_info":{"star_atlas":1,"show_star_atlas_cooperation":false,"has_ads_entry":false,"ad_revenue_rits":null},"gender":1,"share_info":{"share_qrcode_url":{"uri":"2efd00208c36e334a3ea","url_list":["https://p3-dy.byteimg.com/obj/2efd00208c36e334a3ea","https://p26-dy.byteimg.com/obj/2efd00208c36e334a3ea","https://p6-dy-ipv6.byteimg.com/obj/2efd00208c36e334a3ea"]},"share_image_url":{"url_list":null},"bool_persist":1,"share_url":"www.iesdouyin.com/share/user/58529920833?u_code=1jf98imk4c1b&sec_uid=MS4wLjABAAAAHZgPDei2JxXuFrLrl9Optqh_poEvC_5WeZXno2KF1Oc","share_weibo_desc":" ","share_desc":"在抖音，记录美好生活！","share_title":"快来加入抖音，让你发现最有趣的我！"},"apple_account":0,"twitter_name":"","video_cover":{},"signature":"8年星级化妆师，广谱美妆博主\n关注wb：李濠pe7er\n工作V：drs00006","avatar_thumb":{"uri":"2dfb8000530784b643104","url_list":["https://p3-dy.byteimg.com/aweme/100x100/2dfb8000530784b643104.jpeg?from=4010531038","https://p9-dy.byteimg.com/aweme/100x100/2dfb8000530784b643104.jpeg?from=4010531038","https://p26-dy.byteimg.com/aweme/100x100/2dfb8000530784b643104.jpeg?from=4010531038"]},"mplatform_followers_count":416806,"r_fans_group_info":{},"birthday_hide_level":0,"urge_detail":{"user_urged":0},"avatar_300x300":{"uri":"2dfb8000530784b643104","url_list":["https://p9-dy.byteimg.com/img/2dfb8000530784b643104~c5_300x300.webp?from=4010531038","https://p3-dy.byteimg.com/img/2dfb8000530784b643104~c5_300x300.webp?from=4010531038","https://p6-dy-ipv6.byteimg.com/img/2dfb8000530784b643104~c5_300x300.webp?from=4010531038"]},"nickname":"李濠pe7er","custom_verify":"","unique_id":"Mc2ME1314157","room_id":0,"is_star":false,"with_commerce_enterprise_tab_entry":false,"is_gov_media_vip":false,"with_new_goods":false,"birthday":"1992-01-01","follower_status":0,"city":"北京","cover_url":[{"url_list":["https://p6-dy-ipv6.byteimg.com/obj/c8510002be9a3a61aad2?from=1247829622","https://p3-dy.byteimg.com/obj/c8510002be9a3a61aad2?from=1247829622","https://p9-dy.byteimg.com/obj/c8510002be9a3a61aad2?from=1247829622"],"uri":"c8510002be9a3a61aad2"}],"enterprise_verify_reason":"","country":"中国","message_chat_entry":true,"total_favorited":2183496,"dongtai_count":208,"tab_settings":{"private_tab":{"show_private_tab":false,"private_tab_style":1}},"recommend_user_reason_source":0,"sec_uid":"MS4wLjABAAAAHZgPDei2JxXuFrLrl9Optqh_poEvC_5WeZXno2KF1Oc","short_id":"0","avatar_medium":{"uri":"2dfb8000530784b643104","url_list":["https://p6-dy-ipv6.byteimg.com/aweme/720x720/2dfb8000530784b643104.jpeg?from=4010531038","https://p9-dy.byteimg.com/aweme/720x720/2dfb8000530784b643104.jpeg?from=4010531038","https://p3-dy.byteimg.com/aweme/720x720/2dfb8000530784b643104.jpeg?from=4010531038"]},"is_block":false,"twitter_id":"","district":"","profile_tab_type":0,"original_musician":{"music_count":0,"music_used_count":0,"digg_count":0},"video_icon":{"uri":"","url_list":[]},"watch_status":false,"show_favorite_list":true,"white_cover_url":[{"uri":"318f1000413827e122102","url_list":["https://p9-dy.byteimg.com/obj/318f1000413827e122102?from=1247829622","https://p3-dy.byteimg.com/obj/318f1000413827e122102?from=1247829622","https://p26-dy.byteimg.com/obj/318f1000413827e122102?from=1247829622"]}],"follow_status":1,"with_fusion_shop_entry":true,"recommend_reason_relation":"","is_activity_user":false,"following_count":90,"follower_count":416806,"commerce_user_level":0,"is_effect_artist":false,"life_story_block":{"life_story_block":false},"avatar_168x168":{"uri":"2dfb8000530784b643104","url_list":["https://p26-dy.byteimg.com/img/2dfb8000530784b643104~c5_168x168.webp?from=4010531038","https://p6-dy-ipv6.byteimg.com/img/2dfb8000530784b643104~c5_168x168.webp?from=4010531038","https://p3-dy.byteimg.com/img/2dfb8000530784b643104~c5_168x168.webp?from=4010531038"]},"with_commerce_entry":true,"enterprise_user_info":"{\"commerce_info\":{\"offline_info_list\":[],\"challenge_list\":[]},\"homepage_bottom_toast\":[],\"permissions\":[{\"Id\":3,\"Key\":\"ItemShop\",\"Name\":\"视频电商\",\"AppId\":1128,\"Status\":1,\"Extra\":null,\"Customization\":null,\"Parent\":0},{\"Id\":4,\"Key\":\"LiveShop\",\"Name\":\"直播电商\",\"AppId\":1128,\"Status\":1,\"Extra\":null,\"Customization\":null,\"Parent\":0},{\"Id\":5,\"Key\":\"UserShop\",\"Name\":\"个人橱窗\",\"AppId\":1128,\"Status\":1,\"Extra\":null,\"Customization\":null,\"Parent\":0}]}"},"extra":{"now":1594913466000},"log_pb":{"impr_id":"20200716233106010008062148113CE737"}}
