{"log_pb":{"impr_id":"202007152300420100120591610E492DA0"},"status_code":0,"user":{"sync_to_toutiao":0,"is_blocked":false,"shop_micro_app":"","is_activity_user":false,"recommend_user_reason_source":0,"avatar_larger":{"uri":"30ee300037180fa1a3820","url_list":["https://p26-dy.byteimg.com/aweme/1080x1080/30ee300037180fa1a3820.jpeg?from=4010531038","https://p29-dy.byteimg.com/aweme/1080x1080/30ee300037180fa1a3820.jpeg?from=4010531038","https://p3-dy.byteimg.com/aweme/1080x1080/30ee300037180fa1a3820.jpeg?from=4010531038"]},"enterprise_verify_reason":"","share_info":{"bool_persist":1,"share_url":"www.iesdouyin.com/share/user/2774774354809566?u_code=1jf98imk4c1b&sec_uid=MS4wLjABAAAAEHOngzwEpo9en_Gnh0r8t1hkkCY0IOiNwxSEXLVZhUkAYwcUxF4vzxlnZLcyL0VQ","share_weibo_desc":" ","share_desc":"在抖音，记录美好生活！","share_title":"快来加入抖音，让你发现最有趣的我！","share_qrcode_url":{"uri":"2d004000101d73d33eb72","url_list":["https://p26-dy.byteimg.com/obj/2d004000101d73d33eb72","https://p9-dy.byteimg.com/obj/2d004000101d73d33eb72","https://p3-dy.byteimg.com/obj/2d004000101d73d33eb72"]},"share_image_url":{"url_list":null}},"urge_detail":{"user_urged":0},"with_commerce_entry":true,"avatar_thumb":{"uri":"30ee300037180fa1a3820","url_list":["https://p29-dy.byteimg.com/aweme/100x100/30ee300037180fa1a3820.jpeg?from=4010531038","https://p9-dy.byteimg.com/aweme/100x100/30ee300037180fa1a3820.jpeg?from=4010531038","https://p6-dy-ipv6.byteimg.com/aweme/100x100/30ee300037180fa1a3820.jpeg?from=4010531038"]},"room_id":0,"dongtai_count":93,"forward_count":15,"following_count":10,"mplatform_followers_count":524652,"youtube_channel_id":"","is_gov_media_vip":false,"cover_url":[{"uri":"2d1610001212f8e7ccc73","url_list":["https://p3-dy.byteimg.com/obj/2d1610001212f8e7ccc73?from=1247829622","https://p9-dy.byteimg.com/obj/2d1610001212f8e7ccc73?from=1247829622","https://p1-dy.byteimg.com/obj/2d1610001212f8e7ccc73?from=1247829622"]},{"uri":"c8510002be9a3a61aad2","url_list":["https://p26-dy.byteimg.com/obj/c8510002be9a3a61aad2?from=1247829622","https://p3-dy.byteimg.com/obj/c8510002be9a3a61aad2?from=1247829622","https://p9-dy.byteimg.com/obj/c8510002be9a3a61aad2?from=1247829622"]}],"life_story_block":{"life_story_block":false},"is_star":false,"white_cover_url":[{"uri":"2d1610001212f8e7ccc73","url_list":["https://p3-dy.byteimg.com/obj/2d1610001212f8e7ccc73?from=1247829622","https://p9-dy.byteimg.com/obj/2d1610001212f8e7ccc73?from=1247829622","https://p1-dy.byteimg.com/obj/2d1610001212f8e7ccc73?from=1247829622"]},{"url_list":["https://p3-dy.byteimg.com/obj/318f1000413827e122102?from=1247829622","https://p6-dy-ipv6.byteimg.com/obj/318f1000413827e122102?from=1247829622","https://p1-dy.byteimg.com/obj/318f1000413827e122102?from=1247829622"],"uri":"318f1000413827e122102"}],"signature":"大家好我是宵夜札札\n一个不入流的伪分享博主\nwb：宵夜大哥\n粉丝v：xiaoyezhazha02\n合作v：xyjh20190410","school_name":"","live_commerce":true,"commerce_permissions":{"enterprise":1},"total_favorited":5195913,"with_fusion_shop_entry":true,"apple_account":0,"r_fans_group_info":{},"follower_count":524652,"custom_verify":"","ins_id":"","city":"杭州","avatar_168x168":{"uri":"30ee300037180fa1a3820","url_list":["https://p3-dy.byteimg.com/img/30ee300037180fa1a3820~c5_168x168.webp?from=4010531038","https://p9-dy.byteimg.com/img/30ee300037180fa1a3820~c5_168x168.webp?from=4010531038","https://p6-dy-ipv6.byteimg.com/img/30ee300037180fa1a3820~c5_168x168.webp?from=4010531038"]},"sec_uid":"MS4wLjABAAAAEHOngzwEpo9en_Gnh0r8t1hkkCY0IOiNwxSEXLVZhUkAYwcUxF4vzxlnZLcyL0VQ","avatar_medium":{"uri":"30ee300037180fa1a3820","url_list":["https://p3-dy.byteimg.com/aweme/720x720/30ee300037180fa1a3820.jpeg?from=4010531038","https://p9-dy.byteimg.com/aweme/720x720/30ee300037180fa1a3820.jpeg?from=4010531038","https://p29-dy.byteimg.com/aweme/720x720/30ee300037180fa1a3820.jpeg?from=4010531038"]},"follow_status":1,"is_block":false,"commerce_info":{"offline_info_list":[],"challenge_list":[]},"location":"杭州","show_favorite_list":true,"gender":2,"favoriting_count":406,"twitter_name":"","country":"中国","commerce_user_info":{"star_atlas":1,"show_star_atlas_cooperation":true,"has_ads_entry":true,"ad_revenue_rits":null},"birthday_hide_level":0,"tab_settings":{"private_tab":{"show_private_tab":false,"private_tab_style":1}},"nickname":"宵夜大哥","twitter_id":"","with_new_goods":false,"recommend_reason_relation":"","with_commerce_enterprise_tab_entry":false,"uid":"2774774354809566","youtube_channel_title":"","province":"浙江","iso_country_code":"","short_id":"0","secret":0,"watch_status":false,"signature_language":"zh","message_chat_entry":true,"enterprise_user_info":"{\"commerce_info\":{\"offline_info_list\":[],\"challenge_list\":[]},\"homepage_bottom_toast\":[],\"permissions\":[{\"Id\":3,\"Key\":\"ItemShop\",\"Name\":\"视频电商\",\"AppId\":1128,\"Status\":1,\"Extra\":null,\"Customization\":null,\"Parent\":0},{\"Id\":5,\"Key\":\"UserShop\",\"Name\":\"个人橱窗\",\"AppId\":1128,\"Status\":1,\"Extra\":null,\"Customization\":null,\"Parent\":0},{\"Id\":4,\"Key\":\"LiveShop\",\"Name\":\"直播电商\",\"AppId\":1128,\"Status\":1,\"Extra\":null,\"Customization\":null,\"Parent\":0},{\"Id\":81,\"Key\":\"Enterprise\",\"Name\":\"企业权限标识\",\"AppId\":1128,\"Status\":1,\"Extra\":null,\"Customization\":null,\"Parent\":0}]}","original_musician":{"music_count":0,"music_used_count":0,"digg_count":0},"profile_tab_type":0,"aweme_count":78,"verification_type":0,"video_icon":{"uri":"","url_list":[]},"district":"","video_cover":{},"birthday":"1998-01-01","commerce_user_level":0,"follower_status":0,"is_effect_artist":false,"avatar_300x300":{"uri":"30ee300037180fa1a3820","url_list":["https://p26-dy.byteimg.com/img/30ee300037180fa1a3820~c5_300x300.webp?from=4010531038","https://p6-dy-ipv6.byteimg.com/img/30ee300037180fa1a3820~c5_300x300.webp?from=4010531038","https://p3-dy.byteimg.com/img/30ee300037180fa1a3820~c5_300x300.webp?from=4010531038"]},"unique_id":"dywdnzg6pbaj","followers_detail":[{"fans_count":524652,"open_url":"snssdk1128://user/profile/2774774354809566?","apple_id":"1142110895","download_url":"https://d.douyin.com/JsvN/","package_name":"com.ss.android.ugc.aweme","app_name":"aweme","name":"抖音","icon":"http://p3.pstatp.com/origin/50ec00079b64de2050dc"},{"fans_count":0,"open_url":"snssdk143://profile?uid=0","apple_id":"529092160","download_url":"https://d.toutiao.com/YjjY/","package_name":"com.ss.android.article.news","app_name":"news_article","name":"头条","icon":"http://p3.pstatp.com/origin/50ed00079a1b6b8d1fb1"},{"apple_id":"1086047750","download_url":"http://d.huoshanzhibo.com/eFvB/","package_name":"com.ss.android.ugc.live","app_name":"live_stream","name":"抖音火山版","icon":"http://p3.pstatp.com/origin/2ea5c000abe106154adef","fans_count":0,"open_url":"snssdk1112://profile?id=0"}]},"extra":{"now":1594825242000}}
