{"status_code":0,"user":{"province":"江苏","commerce_user_info":{"has_ads_entry":false,"ad_revenue_rits":null},"enterprise_user_info":"","short_id":"1222736356","follow_status":1,"aweme_count":50,"location":"南通","avatar_300x300":{"uri":"2d5600004f82d5b03f684","url_list":["https://p29-dy.byteimg.com/img/2d5600004f82d5b03f684~c5_300x300.webp?from=4010531038","https://p6-dy-ipv6.byteimg.com/img/2d5600004f82d5b03f684~c5_300x300.webp?from=4010531038","https://p9-dy.byteimg.com/img/2d5600004f82d5b03f684~c5_300x300.webp?from=4010531038"]},"message_chat_entry":true,"birthday":"1983-01-01","unique_id":"","city":"南通","recommend_reason_relation":"","iso_country_code":"","total_favorited":6957,"with_commerce_entry":false,"show_favorite_list":true,"gender":1,"share_info":{"share_qrcode_url":{"uri":"a0a6001a08de50c3a4de","url_list":["https://p6-dy-ipv6.byteimg.com/obj/a0a6001a08de50c3a4de","https://p3-dy.byteimg.com/obj/a0a6001a08de50c3a4de","https://p9-dy.byteimg.com/obj/a0a6001a08de50c3a4de"]},"share_image_url":{"url_list":null},"bool_persist":1,"share_url":"www.iesdouyin.com/share/user/95998148059?u_code=1jf98imk4c1b&sec_uid=MS4wLjABAAAAjb1nJGPYXxb-T5Su68snX-fdxzZPBHe17bfESEos2Ts","share_weibo_desc":" ","share_desc":"在抖音，记录美好生活！","share_title":"快来加入抖音，让你发现最有趣的我！"},"cover_url":[{"uri":"c8510002be9a3a61aad2","url_list":["https://p9-dy.byteimg.com/obj/c8510002be9a3a61aad2?from=1247829622","https://p6-dy-ipv6.byteimg.com/obj/c8510002be9a3a61aad2?from=1247829622","https://p26-dy.byteimg.com/obj/c8510002be9a3a61aad2?from=1247829622"]}],"r_fans_group_info":{},"birthday_hide_level":0,"forward_count":6,"uid":"95998148059","ins_id":"","youtube_channel_id":"","twitter_id":"","is_activity_user":false,"avatar_thumb":{"uri":"2d5600004f82d5b03f684","url_list":["https://p26-dy.byteimg.com/aweme/100x100/2d5600004f82d5b03f684.jpeg?from=4010531038","https://p29-dy.byteimg.com/aweme/100x100/2d5600004f82d5b03f684.jpeg?from=4010531038","https://p3-dy.byteimg.com/aweme/100x100/2d5600004f82d5b03f684.jpeg?from=4010531038"]},"is_block":false,"watch_status":false,"is_star":false,"custom_verify":"","mplatform_followers_count":801,"recommend_user_reason_source":0,"signature":"","original_musician":{"music_count":0,"music_used_count":0,"digg_count":0},"twitter_name":"","district":"","video_cover":{},"favoriting_count":4306,"room_id":0,"dongtai_count":56,"life_story_block":{"life_story_block":false},"white_cover_url":[{"uri":"318f1000413827e122102","url_list":["https://p3-dy.byteimg.com/obj/318f1000413827e122102?from=1247829622","https://p6-dy-ipv6.byteimg.com/obj/318f1000413827e122102?from=1247829622","https://p9-dy.byteimg.com/obj/318f1000413827e122102?from=1247829622"]}],"live_commerce":false,"is_effect_artist":false,"urge_detail":{"user_urged":0},"nickname":"远方客","avatar_medium":{"uri":"2d5600004f82d5b03f684","url_list":["https://p9-dy-ipv6.byteimg.com/aweme/720x720/2d5600004f82d5b03f684.jpeg?from=4010531038","https://p3-dy.byteimg.com/aweme/720x720/2d5600004f82d5b03f684.jpeg?from=4010531038","https://p6-dy-ipv6.byteimg.com/aweme/720x720/2d5600004f82d5b03f684.jpeg?from=4010531038"]},"verification_type":0,"enterprise_verify_reason":"","video_icon":{"uri":"","url_list":[]},"following_count":162,"sync_to_toutiao":0,"commerce_user_level":0,"is_gov_media_vip":false,"signature_language":"un","sec_uid":"MS4wLjABAAAAjb1nJGPYXxb-T5Su68snX-fdxzZPBHe17bfESEos2Ts","tab_settings":{"private_tab":{"private_tab_style":1,"show_private_tab":false}},"school_name":"江苏工程职业技术学院","secret":0,"with_fusion_shop_entry":false,"with_commerce_enterprise_tab_entry":false,"avatar_168x168":{"uri":"2d5600004f82d5b03f684","url_list":["https://p3-dy.byteimg.com/img/2d5600004f82d5b03f684~c5_168x168.webp?from=4010531038","https://p9-dy.byteimg.com/img/2d5600004f82d5b03f684~c5_168x168.webp?from=4010531038","https://p6-dy-ipv6.byteimg.com/img/2d5600004f82d5b03f684~c5_168x168.webp?from=4010531038"]},"avatar_larger":{"uri":"2d5600004f82d5b03f684","url_list":["https://p3-dy.byteimg.com/aweme/1080x1080/2d5600004f82d5b03f684.jpeg?from=4010531038","https://p29-dy.byteimg.com/aweme/1080x1080/2d5600004f82d5b03f684.jpeg?from=4010531038","https://p9-dy.byteimg.com/aweme/1080x1080/2d5600004f82d5b03f684.jpeg?from=4010531038"]},"follower_count":801,"youtube_channel_title":"","with_new_goods":false,"profile_tab_type":0,"follower_status":0,"is_blocked":false,"followers_detail":[{"package_name":"com.ss.android.ugc.aweme","app_name":"aweme","name":"抖音","icon":"http://p3.pstatp.com/origin/50ec00079b64de2050dc","fans_count":801,"open_url":"snssdk1128://user/profile/95998148059?","apple_id":"1142110895","download_url":"https://d.douyin.com/JsvN/"},{"apple_id":"529092160","download_url":"https://d.toutiao.com/YjjY/","package_name":"com.ss.android.article.news","app_name":"news_article","name":"头条","icon":"http://p3.pstatp.com/origin/50ed00079a1b6b8d1fb1","fans_count":0,"open_url":"snssdk143://profile?uid=0"},{"package_name":"com.ss.android.ugc.live","app_name":"live_stream","name":"抖音火山版","icon":"http://p3.pstatp.com/origin/2ea5c000abe106154adef","fans_count":0,"open_url":"snssdk1112://profile?id=0","apple_id":"1086047750","download_url":"http://d.huoshanzhibo.com/eFvB/"}],"apple_account":0,"country":"中国"},"extra":{"now":1594717716000},"log_pb":{"impr_id":"202007141708360100080442180C10A2B3"}}
