{"user":{"mplatform_followers_count":1123259,"tab_settings":{"private_tab":{"show_private_tab":false,"private_tab_style":1}},"with_new_goods":false,"district":"东城","profile_tab_type":0,"birthday_hide_level":0,"uid":"8031216229","gender":2,"signature":"专业资深彩妆师 💋\n负责地坚持严选，不推荐“坑”货                                 \n 分享更多美妆技巧给你们\n工作: kuangye511  请注明来意。","followers_detail":[{"name":"抖音","icon":"http://p3.pstatp.com/origin/50ec00079b64de2050dc","fans_count":1100019,"open_url":"snssdk1128://user/profile/8031216229?","apple_id":"1142110895","download_url":"https://d.douyin.com/JsvN/","package_name":"com.ss.android.ugc.aweme","app_name":"aweme"},{"icon":"http://p3.pstatp.com/origin/50ed00079a1b6b8d1fb1","fans_count":23240,"open_url":"snssdk143://profile?uid=5760677474","apple_id":"529092160","download_url":"https://d.toutiao.com/YjjY/","package_name":"com.ss.android.article.news","app_name":"news_article","name":"头条"},{"app_name":"live_stream","name":"抖音火山版","icon":"http://p3.pstatp.com/origin/2ea5c000abe106154adef","fans_count":0,"open_url":"snssdk1112://profile?id=0","apple_id":"1086047750","download_url":"http://d.huoshanzhibo.com/eFvB/","package_name":"com.ss.android.ugc.live"}],"enterprise_user_info":"{\"commerce_info\":{\"offline_info_list\":[],\"challenge_list\":[]},\"homepage_bottom_toast\":[],\"permissions\":[{\"Id\":5,\"Key\":\"UserShop\",\"Name\":\"个人橱窗\",\"AppId\":1128,\"Status\":1,\"Extra\":null,\"Customization\":null,\"Parent\":0},{\"Id\":3,\"Key\":\"ItemShop\",\"Name\":\"视频电商\",\"AppId\":1128,\"Status\":1,\"Extra\":null,\"Customization\":null,\"Parent\":0},{\"Id\":4,\"Key\":\"LiveShop\",\"Name\":\"直播电商\",\"AppId\":1128,\"Status\":1,\"Extra\":null,\"Customization\":null,\"Parent\":0}]}","forward_count":0,"following_count":53,"share_info":{"share_qrcode_url":{"uri":"552b001c1a6d43a2e894","url_list":["https://p26-dy.byteimg.com/obj/552b001c1a6d43a2e894","https://p29-dy.byteimg.com/obj/552b001c1a6d43a2e894","https://p3-dy.byteimg.com/obj/552b001c1a6d43a2e894"]},"share_image_url":{"url_list":null},"bool_persist":1,"share_url":"www.iesdouyin.com/share/user/8031216229?u_code=1jf98imk4c1b&sec_uid=MS4wLjABAAAAiPVWepoyQwPiL5sKqt2LoT4MzoVixISOxcvemXr5QcA","share_weibo_desc":" ","share_desc":"在抖音，记录美好生活！","share_title":"快来加入抖音，让你发现最有趣的我！"},"avatar_300x300":{"uri":"172a800055d498a700f47","url_list":["https://p9-dy-ipv6.byteimg.com/img/172a800055d498a700f47~c5_300x300.webp?from=4010531038","https://p6-dy-ipv6.byteimg.com/img/172a800055d498a700f47~c5_300x300.webp?from=4010531038","https://p3-dy.byteimg.com/img/172a800055d498a700f47~c5_300x300.webp?from=4010531038"]},"location":"北京","shop_micro_app":"","youtube_channel_id":"","dongtai_count":243,"is_blocked":false,"signature_language":"zh","is_activity_user":false,"short_id":"191126298","follower_status":0,"city":"北京","recommend_reason_relation":"","life_story_block":{"life_story_block":false},"urge_detail":{"user_urged":0},"show_favorite_list":false,"birthday":"2018-01-01","sync_to_toutiao":1,"apple_account":0,"twitter_id":"","is_block":false,"school_name":"","youtube_channel_title":"","video_icon":{"uri":"","url_list":[]},"ins_id":"","sec_uid":"MS4wLjABAAAAiPVWepoyQwPiL5sKqt2LoT4MzoVixISOxcvemXr5QcA","aweme_count":243,"unique_id":"","with_commerce_entry":true,"original_musician":{"music_count":0,"music_used_count":0,"digg_count":0},"avatar_168x168":{"uri":"172a800055d498a700f47","url_list":["https://p6-dy-ipv6.byteimg.com/img/172a800055d498a700f47~c5_168x168.webp?from=4010531038","https://p26-dy.byteimg.com/img/172a800055d498a700f47~c5_168x168.webp?from=4010531038","https://p29-dy.byteimg.com/img/172a800055d498a700f47~c5_168x168.webp?from=4010531038"]},"follow_status":1,"enterprise_verify_reason":"","live_commerce":true,"with_commerce_enterprise_tab_entry":false,"message_chat_entry":true,"white_cover_url":[{"url_list":["https://p3-dy.byteimg.com/obj/2e05c00039bbc294ff9c8?from=1247829622","https://p6-dy-ipv6.byteimg.com/obj/2e05c00039bbc294ff9c8?from=1247829622","https://p26-dy.byteimg.com/obj/2e05c00039bbc294ff9c8?from=1247829622"],"uri":"2e05c00039bbc294ff9c8"},{"uri":"318f1000413827e122102","url_list":["https://p9-dy-ipv6.byteimg.com/obj/318f1000413827e122102?from=1247829622","https://p6-dy-ipv6.byteimg.com/obj/318f1000413827e122102?from=1247829622","https://p26-dy.byteimg.com/obj/318f1000413827e122102?from=1247829622"]}],"avatar_thumb":{"uri":"172a800055d498a700f47","url_list":["https://p1-dy-ipv6.byteimg.com/aweme/100x100/172a800055d498a700f47.jpeg?from=4010531038","https://p6-dy-ipv6.byteimg.com/aweme/100x100/172a800055d498a700f47.jpeg?from=4010531038","https://p26-dy.byteimg.com/aweme/100x100/172a800055d498a700f47.jpeg?from=4010531038"]},"verification_type":0,"is_star":false,"r_fans_group_info":{},"twitter_name":"","country":"中国","watch_status":false,"is_effect_artist":false,"custom_verify":"","commerce_info":{"offline_info_list":[],"challenge_list":[]},"iso_country_code":"CN","cover_url":[{"uri":"2e05c00039bbc294ff9c8","url_list":["https://p3-dy.byteimg.com/obj/2e05c00039bbc294ff9c8?from=1247829622","https://p6-dy-ipv6.byteimg.com/obj/2e05c00039bbc294ff9c8?from=1247829622","https://p26-dy.byteimg.com/obj/2e05c00039bbc294ff9c8?from=1247829622"]},{"uri":"c8510002be9a3a61aad2","url_list":["https://p9-dy-ipv6.byteimg.com/obj/c8510002be9a3a61aad2?from=1247829622","https://p29-dy.byteimg.com/obj/c8510002be9a3a61aad2?from=1247829622","https://p6-dy-ipv6.byteimg.com/obj/c8510002be9a3a61aad2?from=1247829622"]}],"recommend_user_reason_source":0,"avatar_larger":{"url_list":["https://p1-dy-ipv6.byteimg.com/aweme/1080x1080/172a800055d498a700f47.jpeg?from=4010531038","https://p26-dy.byteimg.com/aweme/1080x1080/172a800055d498a700f47.jpeg?from=4010531038","https://p3-dy.byteimg.com/aweme/1080x1080/172a800055d498a700f47.jpeg?from=4010531038"],"uri":"172a800055d498a700f47"},"favoriting_count":0,"with_fusion_shop_entry":true,"province":"","commerce_user_info":{"star_atlas":1,"show_star_atlas_cooperation":false,"has_ads_entry":false,"ad_revenue_rits":null},"video_cover":{},"nickname":"大C","total_favorited":7271289,"room_id":0,"secret":0,"avatar_medium":{"uri":"172a800055d498a700f47","url_list":["https://p9-dy.byteimg.com/aweme/720x720/172a800055d498a700f47.jpeg?from=4010531038","https://p6-dy-ipv6.byteimg.com/aweme/720x720/172a800055d498a700f47.jpeg?from=4010531038","https://p29-dy.byteimg.com/aweme/720x720/172a800055d498a700f47.jpeg?from=4010531038"]},"follower_count":1100019,"commerce_user_level":0,"is_gov_media_vip":false},"extra":{"now":1595079227000},"log_pb":{"impr_id":"202007182133470100120591620DEE523A"},"status_code":0}
