{"status_code":0,"user":{"country":"中国","life_story_block":{"life_story_block":false},"birthday_hide_level":0,"enterprise_user_info":"{\"commerce_info\":{\"offline_info_list\":[],\"challenge_list\":[]},\"homepage_bottom_toast\":[],\"permissions\":[{\"Id\":4,\"Key\":\"LiveShop\",\"Name\":\"直播电商\",\"AppId\":1128,\"Status\":1,\"Extra\":null,\"Customization\":null,\"Parent\":0},{\"Id\":3,\"Key\":\"ItemShop\",\"Name\":\"视频电商\",\"AppId\":1128,\"Status\":1,\"Extra\":null,\"Customization\":null,\"Parent\":0},{\"Id\":5,\"Key\":\"UserShop\",\"Name\":\"个人橱窗\",\"AppId\":1128,\"Status\":1,\"Extra\":null,\"Customization\":null,\"Parent\":0}]}","follower_count":784793,"total_favorited":7628045,"followers_detail":[{"download_url":"https://d.douyin.com/JsvN/","package_name":"com.ss.android.ugc.aweme","app_name":"aweme","name":"抖音","icon":"http://p3.pstatp.com/origin/50ec00079b64de2050dc","fans_count":784793,"open_url":"snssdk1128://user/profile/61199901516?","apple_id":"1142110895"},{"package_name":"com.ss.android.article.news","app_name":"news_article","name":"头条","icon":"http://p3.pstatp.com/origin/50ed00079a1b6b8d1fb1","fans_count":0,"open_url":"snssdk143://profile?uid=0","apple_id":"529092160","download_url":"https://d.toutiao.com/YjjY/"},{"fans_count":0,"open_url":"snssdk1112://profile?id=0","apple_id":"1086047750","download_url":"http://d.huoshanzhibo.com/eFvB/","package_name":"com.ss.android.ugc.live","app_name":"live_stream","name":"抖音火山版","icon":"http://p3.pstatp.com/origin/2ea5c000abe106154adef"}],"commerce_user_level":0,"signature":"原相机测评分享~\n🧣 小红🍠 小破站同名~\n👀:𝐴𝑎𝑌𝑢0606(本人)\n工作:𝑓𝑖𝑛𝑑𝑚𝑒1106\n美🧚‍♀️:𝐵𝑥𝑥3322\n大家有什么想测评的记得@我！！！！","original_musician":{"music_count":0,"music_used_count":0,"digg_count":0},"province":"","school_name":"","mplatform_followers_count":784793,"secret":0,"signature_language":"zh","nickname":"-谢欣桐-","gender":2,"avatar_medium":{"uri":"2e34f000666f27be5b0eb","url_list":["https://p6-dy-ipv6.byteimg.com/aweme/720x720/2e34f000666f27be5b0eb.jpeg?from=4010531038","https://p9-dy.byteimg.com/aweme/720x720/2e34f000666f27be5b0eb.jpeg?from=4010531038","https://p3-dy.byteimg.com/aweme/720x720/2e34f000666f27be5b0eb.jpeg?from=4010531038"]},"birthday":"1999-01-01","shop_micro_app":"","sec_uid":"MS4wLjABAAAAKSTZMaQ-tAozqeLNttNazUyiu_4wEl7RV-kOyG-BQlQ","verification_type":0,"recommend_reason_relation":"","iso_country_code":"CN","uid":"61199901516","follower_status":0,"avatar_300x300":{"uri":"2e34f000666f27be5b0eb","url_list":["https://p3-dy.byteimg.com/img/2e34f000666f27be5b0eb~c5_300x300.webp?from=4010531038","https://p26-dy.byteimg.com/img/2e34f000666f27be5b0eb~c5_300x300.webp?from=4010531038","https://p6-dy-ipv6.byteimg.com/img/2e34f000666f27be5b0eb~c5_300x300.webp?from=4010531038"]},"is_blocked":false,"recommend_user_reason_source":0,"sync_to_toutiao":0,"ins_id":"","youtube_channel_id":"","dongtai_count":193,"avatar_thumb":{"uri":"2e34f000666f27be5b0eb","url_list":["https://p9-dy.byteimg.com/aweme/100x100/2e34f000666f27be5b0eb.jpeg?from=4010531038","https://p29-dy.byteimg.com/aweme/100x100/2e34f000666f27be5b0eb.jpeg?from=4010531038","https://p3-dy.byteimg.com/aweme/100x100/2e34f000666f27be5b0eb.jpeg?from=4010531038"]},"r_fans_group_info":{},"tab_settings":{"private_tab":{"show_private_tab":false,"private_tab_style":1}},"forward_count":1,"with_fusion_shop_entry":true,"cover_url":[{"uri":"317cd00037071980e11ac","url_list":["https://p3-dy.byteimg.com/obj/317cd00037071980e11ac?from=1247829622","https://p9-dy.byteimg.com/obj/317cd00037071980e11ac?from=1247829622","https://p1-dy.byteimg.com/obj/317cd00037071980e11ac?from=1247829622"]},{"url_list":["https://p6-dy-ipv6.byteimg.com/obj/c8510002be9a3a61aad2?from=1247829622","https://p3-dy.byteimg.com/obj/c8510002be9a3a61aad2?from=1247829622","https://p9-dy.byteimg.com/obj/c8510002be9a3a61aad2?from=1247829622"],"uri":"c8510002be9a3a61aad2"}],"district":"长宁","watch_status":false,"is_effect_artist":false,"short_id":"18598788","follow_status":1,"with_commerce_entry":true,"twitter_id":"","avatar_168x168":{"uri":"2e34f000666f27be5b0eb","url_list":["https://p29-dy.byteimg.com/img/2e34f000666f27be5b0eb~c5_168x168.webp?from=4010531038","https://p6-dy-ipv6.byteimg.com/img/2e34f000666f27be5b0eb~c5_168x168.webp?from=4010531038","https://p3-dy.byteimg.com/img/2e34f000666f27be5b0eb~c5_168x168.webp?from=4010531038"]},"is_star":false,"commerce_user_info":{"star_atlas":1,"show_star_atlas_cooperation":true,"has_ads_entry":false,"ad_revenue_rits":null},"avatar_larger":{"uri":"2e34f000666f27be5b0eb","url_list":["https://p3-dy.byteimg.com/aweme/1080x1080/2e34f000666f27be5b0eb.jpeg?from=4010531038","https://p9-dy.byteimg.com/aweme/1080x1080/2e34f000666f27be5b0eb.jpeg?from=4010531038","https://p6-dy-ipv6.byteimg.com/aweme/1080x1080/2e34f000666f27be5b0eb.jpeg?from=4010531038"]},"following_count":91,"custom_verify":"","apple_account":0,"show_favorite_list":true,"unique_id":"","room_id":0,"urge_detail":{"user_urged":0},"video_cover":{},"with_new_goods":false,"with_commerce_enterprise_tab_entry":false,"commerce_info":{"offline_info_list":[],"challenge_list":[]},"video_icon":{"uri":"","url_list":[]},"youtube_channel_title":"","is_gov_media_vip":false,"favoriting_count":2983,"share_info":{"bool_persist":1,"share_url":"www.iesdouyin.com/share/user/61199901516?u_code=1jf98imk4c1b&sec_uid=MS4wLjABAAAAKSTZMaQ-tAozqeLNttNazUyiu_4wEl7RV-kOyG-BQlQ","share_weibo_desc":" ","share_desc":"在抖音，记录美好生活！","share_title":"快来加入抖音，让你发现最有趣的我！","share_qrcode_url":{"url_list":["https://p26-dy.byteimg.com/obj/216a005172e43f4dc259","https://p9-dy.byteimg.com/obj/216a005172e43f4dc259","https://p1-dy.byteimg.com/obj/216a005172e43f4dc259"],"uri":"216a005172e43f4dc259"},"share_image_url":{"url_list":null}},"profile_tab_type":0,"white_cover_url":[{"uri":"317cd00037071980e11ac","url_list":["https://p3-dy.byteimg.com/obj/317cd00037071980e11ac?from=1247829622","https://p9-dy.byteimg.com/obj/317cd00037071980e11ac?from=1247829622","https://p1-dy.byteimg.com/obj/317cd00037071980e11ac?from=1247829622"]},{"uri":"318f1000413827e122102","url_list":["https://p26-dy.byteimg.com/obj/318f1000413827e122102?from=1247829622","https://p9-dy.byteimg.com/obj/318f1000413827e122102?from=1247829622","https://p3-dy.byteimg.com/obj/318f1000413827e122102?from=1247829622"]}],"message_chat_entry":true,"aweme_count":192,"live_commerce":true,"city":"上海","location":"上海","is_block":false,"enterprise_verify_reason":"","twitter_name":"","is_activity_user":false},"extra":{"now":1595079222000},"log_pb":{"impr_id":"202007182133420100120580461CEC79B7"}}
