{"extra":{"now":1595079187000},"log_pb":{"impr_id":"202007182133070100180860710BEC5671"},"status_code":0,"user":{"aweme_count":499,"room_id":0,"ins_id":"","youtube_channel_id":"","white_cover_url":[{"uri":"f689001b89d8f92bd5ac","url_list":["https://p9-dy.byteimg.com/obj/f689001b89d8f92bd5ac?from=1247829622","https://p26-dy.byteimg.com/obj/f689001b89d8f92bd5ac?from=1247829622","https://p3-dy.byteimg.com/obj/f689001b89d8f92bd5ac?from=1247829622"]},{"uri":"318f1000413827e122102","url_list":["https://p3-dy.byteimg.com/obj/318f1000413827e122102?from=1247829622","https://p6-dy-ipv6.byteimg.com/obj/318f1000413827e122102?from=1247829622","https://p29-dy.byteimg.com/obj/318f1000413827e122102?from=1247829622"]}],"gender":1,"follow_status":1,"following_count":1,"video_icon":{"uri":"","url_list":[]},"follower_status":0,"iso_country_code":"CN","location":"沈阳","show_favorite_list":true,"original_musician":{"music_count":0,"music_used_count":0,"digg_count":0},"enterprise_verify_reason":"","secret":0,"live_commerce":true,"is_blocked":false,"avatar_medium":{"url_list":["https://p26-dy.byteimg.com/aweme/720x720/2b24900023195196e87de.jpeg?from=4010531038","https://p3-dy.byteimg.com/aweme/720x720/2b24900023195196e87de.jpeg?from=4010531038","https://p6-dy-ipv6.byteimg.com/aweme/720x720/2b24900023195196e87de.jpeg?from=4010531038"],"uri":"2b24900023195196e87de"},"follower_count":1959083,"dongtai_count":501,"shop_micro_app":"","urge_detail":{"user_urged":0},"message_chat_entry":true,"forward_count":2,"signature":"每日18:00左右更新\n1.护肤彩妆大干货&真好物推荐\n2.混油皮黄二白，天然脸爱唱歌讲相声\n3.十年专业美妆师/护肤达人/Muf 全球品牌挚友\n4.护肤➕美妆问题我都会看，我们会越来越好的\n全网同名：小颠儿kini\n商V合作：ekswhz100备注品牌","favoriting_count":30,"with_fusion_shop_entry":true,"city":"沈阳","watch_status":false,"is_star":false,"country":"中国","is_effect_artist":false,"avatar_168x168":{"uri":"2b24900023195196e87de","url_list":["https://p9-dy.byteimg.com/img/2b24900023195196e87de~c5_168x168.webp?from=4010531038","https://p3-dy.byteimg.com/img/2b24900023195196e87de~c5_168x168.webp?from=4010531038","https://p29-dy.byteimg.com/img/2b24900023195196e87de~c5_168x168.webp?from=4010531038"]},"enterprise_user_info":"{\"commerce_info\":{\"offline_info_list\":[],\"challenge_list\":[]},\"homepage_bottom_toast\":[],\"permissions\":[{\"Id\":4,\"Key\":\"LiveShop\",\"Name\":\"直播电商\",\"AppId\":1128,\"Status\":1,\"Extra\":null,\"Customization\":null,\"Parent\":0},{\"Id\":5,\"Key\":\"UserShop\",\"Name\":\"个人橱窗\",\"AppId\":1128,\"Status\":1,\"Extra\":null,\"Customization\":null,\"Parent\":0},{\"Id\":3,\"Key\":\"ItemShop\",\"Name\":\"视频电商\",\"AppId\":1128,\"Status\":1,\"Extra\":null,\"Customization\":null,\"Parent\":0}]}","is_block":false,"custom_verify":"优质视频创作者","share_info":{"share_weibo_desc":" ","share_desc":"在抖音，记录美好生活！","share_title":"快来加入抖音，让你发现最有趣的我！","share_qrcode_url":{"uri":"4d56002217489d8ce47b","url_list":["https://p9-dy-ipv6.byteimg.com/obj/4d56002217489d8ce47b","https://p6-dy-ipv6.byteimg.com/obj/4d56002217489d8ce47b","https://p26-dy.byteimg.com/obj/4d56002217489d8ce47b"]},"share_image_url":{"url_list":null},"bool_persist":1,"share_url":"www.iesdouyin.com/share/user/68277686852?u_code=1jf98imk4c1b&sec_uid=MS4wLjABAAAAWBSx4cu0e00ACIGFx2f0BYZjc6Wi35fXK-rbOL1QOsE"},"with_new_goods":false,"profile_tab_type":0,"mplatform_followers_count":2129793,"twitter_name":"","recommend_user_reason_source":0,"youtube_channel_title":"","cover_url":[{"uri":"f689001b89d8f92bd5ac","url_list":["https://p9-dy.byteimg.com/obj/f689001b89d8f92bd5ac?from=1247829622","https://p26-dy.byteimg.com/obj/f689001b89d8f92bd5ac?from=1247829622","https://p3-dy.byteimg.com/obj/f689001b89d8f92bd5ac?from=1247829622"]},{"url_list":["https://p6-dy-ipv6.byteimg.com/obj/c8510002be9a3a61aad2?from=1247829622","https://p3-dy.byteimg.com/obj/c8510002be9a3a61aad2?from=1247829622","https://p26-dy.byteimg.com/obj/c8510002be9a3a61aad2?from=1247829622"],"uri":"c8510002be9a3a61aad2"}],"with_commerce_enterprise_tab_entry":false,"commerce_user_info":{"show_star_atlas_cooperation":true,"has_ads_entry":false,"ad_revenue_rits":null,"star_atlas":1},"uid":"68277686852","short_id":"0","nickname":"小颠儿Kini","followers_detail":[{"fans_count":1959083,"open_url":"snssdk1128://user/profile/68277686852?","apple_id":"1142110895","download_url":"https://d.douyin.com/JsvN/","package_name":"com.ss.android.ugc.aweme","app_name":"aweme","name":"抖音","icon":"http://p3.pstatp.com/origin/50ec00079b64de2050dc"},{"package_name":"com.ss.android.article.news","app_name":"news_article","name":"头条","icon":"http://p3.pstatp.com/origin/50ed00079a1b6b8d1fb1","fans_count":107600,"open_url":"snssdk143://profile?uid=93562424076","apple_id":"529092160","download_url":"https://d.toutiao.com/YjjY/"},{"download_url":"http://d.huoshanzhibo.com/eFvB/","package_name":"com.ss.android.ugc.live","app_name":"live_stream","name":"抖音火山版","icon":"http://p3.pstatp.com/origin/2ea5c000abe106154adef","fans_count":63110,"open_url":"snssdk1112://profile?id=4503667905057348","apple_id":"1086047750"}],"signature_language":"zh","with_commerce_entry":true,"recommend_reason_relation":"","total_favorited":18330873,"unique_id":"xiaodianer333","sync_to_toutiao":1,"commerce_info":{"offline_info_list":[],"challenge_list":[]},"province":"辽宁","tab_settings":{"private_tab":{"show_private_tab":false,"private_tab_style":1}},"school_name":"","apple_account":0,"sec_uid":"MS4wLjABAAAAWBSx4cu0e00ACIGFx2f0BYZjc6Wi35fXK-rbOL1QOsE","video_cover":{},"commerce_user_level":0,"twitter_id":"","district":"","r_fans_group_info":{},"avatar_300x300":{"uri":"2b24900023195196e87de","url_list":["https://p3-dy.byteimg.com/img/2b24900023195196e87de~c5_300x300.webp?from=4010531038","https://p6-dy-ipv6.byteimg.com/img/2b24900023195196e87de~c5_300x300.webp?from=4010531038","https://p9-dy.byteimg.com/img/2b24900023195196e87de~c5_300x300.webp?from=4010531038"]},"is_activity_user":false,"avatar_thumb":{"uri":"2b24900023195196e87de","url_list":["https://p9-dy-ipv6.byteimg.com/aweme/100x100/2b24900023195196e87de.jpeg?from=4010531038","https://p6-dy-ipv6.byteimg.com/aweme/100x100/2b24900023195196e87de.jpeg?from=4010531038","https://p3-dy.byteimg.com/aweme/100x100/2b24900023195196e87de.jpeg?from=4010531038"]},"birthday":"1990-01-01","is_gov_media_vip":false,"life_story_block":{"life_story_block":false},"avatar_larger":{"uri":"2b24900023195196e87de","url_list":["https://p26-dy.byteimg.com/aweme/1080x1080/2b24900023195196e87de.jpeg?from=4010531038","https://p3-dy.byteimg.com/aweme/1080x1080/2b24900023195196e87de.jpeg?from=4010531038","https://p9-dy.byteimg.com/aweme/1080x1080/2b24900023195196e87de.jpeg?from=4010531038"]},"verification_type":1,"birthday_hide_level":0}}
