{"status_code":0,"user":{"signature":"overline唇妆爱好者\n试色无美颜无滤镜 \n杠精直接折叠","apple_account":0,"twitter_id":"","with_new_goods":false,"short_id":"0","is_block":false,"is_effect_artist":false,"is_star":false,"avatar_168x168":{"uri":"31741000880827306c209","url_list":["https://p26-dy.byteimg.com/img/31741000880827306c209~c5_168x168.webp?from=4010531038","https://p1-dy.byteimg.com/img/31741000880827306c209~c5_168x168.webp?from=4010531038","https://p3-dy.byteimg.com/img/31741000880827306c209~c5_168x168.webp?from=4010531038"]},"show_favorite_list":false,"forward_count":1,"uid":"93416550083","follower_count":6776,"school_name":"","enterprise_verify_reason":"","mplatform_followers_count":6777,"life_story_block":{"life_story_block":false},"recommend_user_reason_source":0,"white_cover_url":[{"uri":"2f6a700030a8663cf3fd7","url_list":["https://p6-dy-ipv6.byteimg.com/obj/2f6a700030a8663cf3fd7?from=1247829622","https://p26-dy.byteimg.com/obj/2f6a700030a8663cf3fd7?from=1247829622","https://p3-dy.byteimg.com/obj/2f6a700030a8663cf3fd7?from=1247829622"]},{"uri":"318f1000413827e122102","url_list":["https://p6-dy-ipv6.byteimg.com/obj/318f1000413827e122102?from=1247829622","https://p3-dy.byteimg.com/obj/318f1000413827e122102?from=1247829622","https://p9-dy.byteimg.com/obj/318f1000413827e122102?from=1247829622"]}],"nickname":"SiHueee","aweme_count":159,"city":"徐州","avatar_larger":{"uri":"31741000880827306c209","url_list":["https://p3-dy.byteimg.com/aweme/1080x1080/31741000880827306c209.jpeg?from=4010531038","https://p29-dy.byteimg.com/aweme/1080x1080/31741000880827306c209.jpeg?from=4010531038","https://p6-dy-ipv6.byteimg.com/aweme/1080x1080/31741000880827306c209.jpeg?from=4010531038"]},"commerce_user_level":0,"video_icon":{"url_list":[],"uri":""},"cover_url":[{"uri":"2f6a700030a8663cf3fd7","url_list":["https://p6-dy-ipv6.byteimg.com/obj/2f6a700030a8663cf3fd7?from=1247829622","https://p26-dy.byteimg.com/obj/2f6a700030a8663cf3fd7?from=1247829622","https://p3-dy.byteimg.com/obj/2f6a700030a8663cf3fd7?from=1247829622"]},{"url_list":["https://p3-dy.byteimg.com/obj/c8510002be9a3a61aad2?from=1247829622","https://p26-dy.byteimg.com/obj/c8510002be9a3a61aad2?from=1247829622","https://p29-dy.byteimg.com/obj/c8510002be9a3a61aad2?from=1247829622"],"uri":"c8510002be9a3a61aad2"}],"custom_verify":"","twitter_name":"","total_favorited":37805,"sync_to_toutiao":1,"avatar_thumb":{"uri":"31741000880827306c209","url_list":["https://p26-dy.byteimg.com/aweme/100x100/31741000880827306c209.jpeg?from=4010531038","https://p6-dy-ipv6.byteimg.com/aweme/100x100/31741000880827306c209.jpeg?from=4010531038","https://p3-dy.byteimg.com/aweme/100x100/31741000880827306c209.jpeg?from=4010531038"]},"verification_type":0,"secret":0,"ins_id":"","is_gov_media_vip":false,"live_commerce":true,"province":"江苏","is_blocked":false,"unique_id":"Pilapameiei","share_info":{"share_desc":"在抖音，记录美好生活！","share_title":"快来加入抖音，让你发现最有趣的我！","share_qrcode_url":{"uri":"65a40035f9bf2a992c08","url_list":["https://p9-dy-ipv6.byteimg.com/obj/65a40035f9bf2a992c08","https://p6-dy-ipv6.byteimg.com/obj/65a40035f9bf2a992c08","https://p1-dy.byteimg.com/obj/65a40035f9bf2a992c08"]},"share_image_url":{"url_list":null},"bool_persist":1,"share_url":"www.iesdouyin.com/share/user/93416550083?u_code=1jf98imk4c1b&sec_uid=MS4wLjABAAAAS6U_Vwu9cjMs8qt7Bx-RSkA_gxl6-pvrB89zLL_X8eQ","share_weibo_desc":" "},"commerce_info":{"offline_info_list":[],"challenge_list":[]},"dongtai_count":160,"follower_status":0,"district":"泉山","signature_language":"zh","shop_micro_app":"","gender":2,"message_chat_entry":true,"with_commerce_enterprise_tab_entry":false,"avatar_300x300":{"uri":"31741000880827306c209","url_list":["https://p29-dy.byteimg.com/img/31741000880827306c209~c5_300x300.webp?from=4010531038","https://p9-dy.byteimg.com/img/31741000880827306c209~c5_300x300.webp?from=4010531038","https://p26-dy.byteimg.com/img/31741000880827306c209~c5_300x300.webp?from=4010531038"]},"commerce_user_info":{"show_star_atlas_cooperation":true,"has_ads_entry":false,"ad_revenue_rits":null,"star_atlas":1},"urge_detail":{"user_urged":0},"avatar_medium":{"uri":"31741000880827306c209","url_list":["https://p9-dy-ipv6.byteimg.com/aweme/720x720/31741000880827306c209.jpeg?from=4010531038","https://p6-dy-ipv6.byteimg.com/aweme/720x720/31741000880827306c209.jpeg?from=4010531038","https://p26-dy.byteimg.com/aweme/720x720/31741000880827306c209.jpeg?from=4010531038"]},"recommend_reason_relation":"","follow_status":1,"with_fusion_shop_entry":true,"watch_status":false,"r_fans_group_info":{},"original_musician":{"music_count":0,"music_used_count":0,"digg_count":0},"room_id":0,"with_commerce_entry":true,"country":"中国","sec_uid":"MS4wLjABAAAAS6U_Vwu9cjMs8qt7Bx-RSkA_gxl6-pvrB89zLL_X8eQ","is_activity_user":false,"favoriting_count":0,"followers_detail":[{"fans_count":6776,"open_url":"snssdk1128://user/profile/93416550083?","apple_id":"1142110895","download_url":"https://d.douyin.com/JsvN/","package_name":"com.ss.android.ugc.aweme","app_name":"aweme","name":"抖音","icon":"http://p3.pstatp.com/origin/50ec00079b64de2050dc"},{"app_name":"news_article","name":"头条","icon":"http://p3.pstatp.com/origin/50ed00079a1b6b8d1fb1","fans_count":1,"open_url":"snssdk143://profile?uid=1028748371834007","apple_id":"529092160","download_url":"https://d.toutiao.com/YjjY/","package_name":"com.ss.android.article.news"},{"icon":"http://p3.pstatp.com/origin/2ea5c000abe106154adef","fans_count":0,"open_url":"snssdk1112://profile?id=0","apple_id":"1086047750","download_url":"http://d.huoshanzhibo.com/eFvB/","package_name":"com.ss.android.ugc.live","app_name":"live_stream","name":"抖音火山版"}],"youtube_channel_title":"","following_count":3,"birthday_hide_level":0,"video_cover":{},"enterprise_user_info":"{\"commerce_info\":{\"offline_info_list\":[],\"challenge_list\":[]},\"homepage_bottom_toast\":[],\"permissions\":[{\"Id\":5,\"Key\":\"UserShop\",\"Name\":\"个人橱窗\",\"AppId\":1128,\"Status\":1,\"Extra\":null,\"Customization\":null,\"Parent\":0},{\"Id\":4,\"Key\":\"LiveShop\",\"Name\":\"直播电商\",\"AppId\":1128,\"Status\":1,\"Extra\":null,\"Customization\":null,\"Parent\":0},{\"Id\":3,\"Key\":\"ItemShop\",\"Name\":\"视频电商\",\"AppId\":1128,\"Status\":1,\"Extra\":null,\"Customization\":null,\"Parent\":0}]}","birthday":"","profile_tab_type":0,"tab_settings":{"private_tab":{"show_private_tab":false,"private_tab_style":1}},"youtube_channel_id":""},"extra":{"now":1594997930000},"log_pb":{"impr_id":"202007172258500100140472041612042E"}}
