{"status_code":0,"user":{"nickname":"-谢欣桐-","avatar_larger":{"uri":"2e34f000666f27be5b0eb","url_list":["https://p9-dy-ipv6.byteimg.com/aweme/1080x1080/2e34f000666f27be5b0eb.jpeg?from=4010531038","https://p6-dy-ipv6.byteimg.com/aweme/1080x1080/2e34f000666f27be5b0eb.jpeg?from=4010531038","https://p29-dy.byteimg.com/aweme/1080x1080/2e34f000666f27be5b0eb.jpeg?from=4010531038"]},"original_musician":{"digg_count":0,"music_count":0,"music_used_count":0},"country":"中国","with_commerce_enterprise_tab_entry":false,"urge_detail":{"user_urged":0},"location":"上海","short_id":"18598788","room_id":0,"youtube_channel_id":"","is_gov_media_vip":false,"birthday_hide_level":0,"commerce_info":{"offline_info_list":[],"challenge_list":[]},"secret":0,"with_fusion_shop_entry":true,"live_commerce":true,"is_effect_artist":false,"commerce_user_level":0,"with_new_goods":false,"tab_settings":{"private_tab":{"private_tab_style":1,"show_private_tab":false}},"is_activity_user":false,"school_name":"","twitter_name":"","iso_country_code":"CN","avatar_300x300":{"uri":"2e34f000666f27be5b0eb","url_list":["https://p9-dy.byteimg.com/img/2e34f000666f27be5b0eb~c5_300x300.webp?from=4010531038","https://p3-dy.byteimg.com/img/2e34f000666f27be5b0eb~c5_300x300.webp?from=4010531038","https://p26-dy.byteimg.com/img/2e34f000666f27be5b0eb~c5_300x300.webp?from=4010531038"]},"white_cover_url":[{"uri":"317cd00037071980e11ac","url_list":["https://p6-dy-ipv6.byteimg.com/obj/317cd00037071980e11ac?from=1247829622","https://p3-dy.byteimg.com/obj/317cd00037071980e11ac?from=1247829622","https://p26-dy.byteimg.com/obj/317cd00037071980e11ac?from=1247829622"]},{"uri":"318f1000413827e122102","url_list":["https://p29-dy.byteimg.com/obj/318f1000413827e122102?from=1247829622","https://p9-dy.byteimg.com/obj/318f1000413827e122102?from=1247829622","https://p3-dy.byteimg.com/obj/318f1000413827e122102?from=1247829622"]}],"avatar_thumb":{"uri":"2e34f000666f27be5b0eb","url_list":["https://p3-dy.byteimg.com/aweme/100x100/2e34f000666f27be5b0eb.jpeg?from=4010531038","https://p9-dy.byteimg.com/aweme/100x100/2e34f000666f27be5b0eb.jpeg?from=4010531038","https://p1-dy.byteimg.com/aweme/100x100/2e34f000666f27be5b0eb.jpeg?from=4010531038"]},"followers_detail":[{"icon":"http://p3.pstatp.com/origin/50ec00079b64de2050dc","fans_count":780536,"open_url":"snssdk1128://user/profile/61199901516?","apple_id":"1142110895","download_url":"https://d.douyin.com/JsvN/","package_name":"com.ss.android.ugc.aweme","app_name":"aweme","name":"抖音"},{"open_url":"snssdk143://profile?uid=0","apple_id":"529092160","download_url":"https://d.toutiao.com/YjjY/","package_name":"com.ss.android.article.news","app_name":"news_article","name":"头条","icon":"http://p3.pstatp.com/origin/50ed00079a1b6b8d1fb1","fans_count":0},{"fans_count":0,"open_url":"snssdk1112://profile?id=0","apple_id":"1086047750","download_url":"http://d.huoshanzhibo.com/eFvB/","package_name":"com.ss.android.ugc.live","app_name":"live_stream","name":"抖音火山版","icon":"http://p3.pstatp.com/origin/2ea5c000abe106154adef"}],"sync_to_toutiao":0,"twitter_id":"","province":"","is_block":false,"life_story_block":{"life_story_block":false},"show_favorite_list":true,"aweme_count":191,"ins_id":"","cover_url":[{"uri":"317cd00037071980e11ac","url_list":["https://p6-dy-ipv6.byteimg.com/obj/317cd00037071980e11ac?from=1247829622","https://p3-dy.byteimg.com/obj/317cd00037071980e11ac?from=1247829622","https://p26-dy.byteimg.com/obj/317cd00037071980e11ac?from=1247829622"]},{"uri":"c8510002be9a3a61aad2","url_list":["https://p3-dy.byteimg.com/obj/c8510002be9a3a61aad2?from=1247829622","https://p1-dy.byteimg.com/obj/c8510002be9a3a61aad2?from=1247829622","https://p9-dy.byteimg.com/obj/c8510002be9a3a61aad2?from=1247829622"]}],"recommend_user_reason_source":0,"enterprise_user_info":"{\"commerce_info\":{\"offline_info_list\":[],\"challenge_list\":[]},\"homepage_bottom_toast\":[],\"permissions\":[{\"Id\":3,\"Key\":\"ItemShop\",\"Name\":\"视频电商\",\"AppId\":1128,\"Status\":1,\"Extra\":null,\"Customization\":null,\"Parent\":0},{\"Id\":5,\"Key\":\"UserShop\",\"Name\":\"个人橱窗\",\"AppId\":1128,\"Status\":1,\"Extra\":null,\"Customization\":null,\"Parent\":0},{\"Id\":4,\"Key\":\"LiveShop\",\"Name\":\"直播电商\",\"AppId\":1128,\"Status\":1,\"Extra\":null,\"Customization\":null,\"Parent\":0}]}","follow_status":1,"favoriting_count":2977,"youtube_channel_title":"","avatar_168x168":{"uri":"2e34f000666f27be5b0eb","url_list":["https://p26-dy.byteimg.com/img/2e34f000666f27be5b0eb~c5_168x168.webp?from=4010531038","https://p29-dy.byteimg.com/img/2e34f000666f27be5b0eb~c5_168x168.webp?from=4010531038","https://p3-dy.byteimg.com/img/2e34f000666f27be5b0eb~c5_168x168.webp?from=4010531038"]},"is_blocked":false,"total_favorited":7603502,"mplatform_followers_count":780536,"apple_account":0,"shop_micro_app":"","forward_count":1,"signature_language":"zh","gender":2,"signature":"原相机测评分享~\n🧣 小红🍠 小破站同名~\n👀:𝐴𝑎𝑌𝑢0606(本人)\n工作:𝑓𝑖𝑛𝑑𝑚𝑒1106\n美🧚‍♀️:𝐵𝑥𝑥3322\n大家有什么想测评的记得@我！！！！","follower_status":0,"profile_tab_type":0,"is_star":false,"share_info":{"share_url":"www.iesdouyin.com/share/user/61199901516?u_code=1jf98imk4c1b&sec_uid=MS4wLjABAAAAKSTZMaQ-tAozqeLNttNazUyiu_4wEl7RV-kOyG-BQlQ","share_weibo_desc":" ","share_desc":"在抖音，记录美好生活！","share_title":"快来加入抖音，让你发现最有趣的我！","share_qrcode_url":{"uri":"216a005172e43f4dc259","url_list":["https://p29-dy.byteimg.com/obj/216a005172e43f4dc259","https://p26-dy.byteimg.com/obj/216a005172e43f4dc259","https://p3-dy.byteimg.com/obj/216a005172e43f4dc259"]},"share_image_url":{"url_list":null},"bool_persist":1},"enterprise_verify_reason":"","commerce_user_info":{"star_atlas":1,"show_star_atlas_cooperation":true,"has_ads_entry":false,"ad_revenue_rits":null},"custom_verify":"","video_icon":{"uri":"","url_list":[]},"dongtai_count":192,"r_fans_group_info":{},"unique_id":"","verification_type":0,"district":"长宁","message_chat_entry":true,"avatar_medium":{"uri":"2e34f000666f27be5b0eb","url_list":["https://p6-dy-ipv6.byteimg.com/aweme/720x720/2e34f000666f27be5b0eb.jpeg?from=4010531038","https://p29-dy.byteimg.com/aweme/720x720/2e34f000666f27be5b0eb.jpeg?from=4010531038","https://p3-dy.byteimg.com/aweme/720x720/2e34f000666f27be5b0eb.jpeg?from=4010531038"]},"following_count":90,"follower_count":780536,"recommend_reason_relation":"","watch_status":false,"video_cover":{},"uid":"61199901516","birthday":"1999-01-01","with_commerce_entry":true,"city":"上海","sec_uid":"MS4wLjABAAAAKSTZMaQ-tAozqeLNttNazUyiu_4wEl7RV-kOyG-BQlQ"},"extra":{"now":1594998013000},"log_pb":{"impr_id":"202007172300130100080720261611D45D"}}
