{"user":{"with_commerce_enterprise_tab_entry":false,"following_count":899,"with_fusion_shop_entry":true,"profile_tab_type":0,"r_fans_group_info":{},"is_block":false,"mplatform_followers_count":473335,"dongtai_count":142,"tab_settings":{"private_tab":{"show_private_tab":false,"private_tab_style":1}},"forward_count":0,"avatar_thumb":{"uri":"30f3e00068a675f37aa39","url_list":["https://p1-dy-ipv6.byteimg.com/aweme/100x100/30f3e00068a675f37aa39.jpeg?from=4010531038","https://p6-dy-ipv6.byteimg.com/aweme/100x100/30f3e00068a675f37aa39.jpeg?from=4010531038","https://p9-dy.byteimg.com/aweme/100x100/30f3e00068a675f37aa39.jpeg?from=4010531038"]},"total_favorited":896259,"custom_verify":"","live_commerce":true,"district":"","birthday_hide_level":0,"urge_detail":{"user_urged":0},"school_name":"南华大学","commerce_user_level":0,"video_icon":{"uri":"","url_list":[]},"followers_detail":[{"name":"抖音","icon":"http://p3.pstatp.com/origin/50ec00079b64de2050dc","fans_count":338303,"open_url":"snssdk1128://user/profile/58320846298?","apple_id":"1142110895","download_url":"https://d.douyin.com/JsvN/","package_name":"com.ss.android.ugc.aweme","app_name":"aweme"},{"icon":"http://p3.pstatp.com/origin/50ed00079a1b6b8d1fb1","fans_count":4936,"open_url":"snssdk143://profile?uid=5433623966","apple_id":"529092160","download_url":"https://d.toutiao.com/YjjY/","package_name":"com.ss.android.article.news","app_name":"news_article","name":"头条"},{"apple_id":"1086047750","download_url":"http://d.huoshanzhibo.com/eFvB/","package_name":"com.ss.android.ugc.live","app_name":"live_stream","name":"抖音火山版","icon":"http://p3.pstatp.com/origin/2ea5c000abe106154adef","fans_count":130096,"open_url":"snssdk1112://profile?id=2546083436707255"}],"is_blocked":false,"anchor_info":{"scheduled_time_text":"今天22:30","scheduled_master_switch":false,"scheduled_profile_switch":true},"uid":"58320846298","aweme_count":142,"original_musician":{"music_used_count":0,"digg_count":0,"music_count":0},"verification_type":0,"avatar_168x168":{"uri":"30f3e00068a675f37aa39","url_list":["https://p3-dy-ipv6.byteimg.com/img/30f3e00068a675f37aa39~c5_168x168.webp?from=4010531038","https://p9-dy.byteimg.com/img/30f3e00068a675f37aa39~c5_168x168.webp?from=4010531038","https://p29-dy.byteimg.com/img/30f3e00068a675f37aa39~c5_168x168.webp?from=4010531038"]},"avatar_300x300":{"uri":"30f3e00068a675f37aa39","url_list":["https://p6-dy-ipv6.byteimg.com/img/30f3e00068a675f37aa39~c5_300x300.webp?from=4010531038","https://p9-dy.byteimg.com/img/30f3e00068a675f37aa39~c5_300x300.webp?from=4010531038","https://p26-dy.byteimg.com/img/30f3e00068a675f37aa39~c5_300x300.webp?from=4010531038"]},"sec_uid":"MS4wLjABAAAAN_qJRcU790EiLEImPaOkCMsgZkm40aC7o5JzRho-wUw","show_favorite_list":true,"nickname":"罗甜甜","signature":"⭐接商业推广\n❤️每天直播时间21点～凌晨3点\n春暖花开，春回雁来，我寄清风入君怀，感谢您的支持","birthday":"1996-01-01","is_gov_media_vip":false,"signature_language":"zh","short_id":"5057926","avatar_medium":{"url_list":["https://p6-dy-ipv6.byteimg.com/aweme/720x720/30f3e00068a675f37aa39.jpeg?from=4010531038","https://p1-dy.byteimg.com/aweme/720x720/30f3e00068a675f37aa39.jpeg?from=4010531038","https://p29-dy.byteimg.com/aweme/720x720/30f3e00068a675f37aa39.jpeg?from=4010531038"],"uri":"30f3e00068a675f37aa39"},"follower_count":338303,"commerce_user_info":{"star_atlas":1,"show_star_atlas_cooperation":false,"has_ads_entry":true,"ad_revenue_rits":null},"youtube_channel_id":"","twitter_name":"","iso_country_code":"CN","enterprise_user_info":"{\"commerce_info\":{\"offline_info_list\":[],\"challenge_list\":[]},\"homepage_bottom_toast\":[],\"permissions\":[{\"Id\":5,\"Key\":\"UserShop\",\"Name\":\"个人橱窗\",\"AppId\":1128,\"Status\":1,\"Extra\":null,\"Customization\":null,\"Parent\":0},{\"Id\":3,\"Key\":\"ItemShop\",\"Name\":\"视频电商\",\"AppId\":1128,\"Status\":1,\"Extra\":null,\"Customization\":null,\"Parent\":0},{\"Id\":4,\"Key\":\"LiveShop\",\"Name\":\"直播电商\",\"AppId\":1128,\"Status\":1,\"Extra\":null,\"Customization\":null,\"Parent\":0}]}","video_cover":{},"white_cover_url":[{"uri":"31886000d6f48bda00b50","url_list":["https://p9-dy.byteimg.com/obj/31886000d6f48bda00b50?from=1247829622","https://p3-dy.byteimg.com/obj/31886000d6f48bda00b50?from=1247829622","https://p29-dy.byteimg.com/obj/31886000d6f48bda00b50?from=1247829622"]},{"uri":"318f1000413827e122102","url_list":["https://p3-dy.byteimg.com/obj/318f1000413827e122102?from=1247829622","https://p6-dy-ipv6.byteimg.com/obj/318f1000413827e122102?from=1247829622","https://p9-dy.byteimg.com/obj/318f1000413827e122102?from=1247829622"]}],"follow_status":1,"ins_id":"","city":"珠海","with_new_goods":false,"shop_micro_app":"","commerce_info":{"offline_info_list":[],"challenge_list":[]},"twitter_id":"","follower_status":0,"apple_account":0,"country":"中国","province":"广东","cover_url":[{"uri":"31886000d6f48bda00b50","url_list":["https://p9-dy.byteimg.com/obj/31886000d6f48bda00b50?from=1247829622","https://p3-dy.byteimg.com/obj/31886000d6f48bda00b50?from=1247829622","https://p29-dy.byteimg.com/obj/31886000d6f48bda00b50?from=1247829622"]},{"uri":"c8510002be9a3a61aad2","url_list":["https://p29-dy.byteimg.com/obj/c8510002be9a3a61aad2?from=1247829622","https://p26-dy.byteimg.com/obj/c8510002be9a3a61aad2?from=1247829622","https://p3-dy.byteimg.com/obj/c8510002be9a3a61aad2?from=1247829622"]}],"general_permission":{"following_follower_list_toast":1},"favoriting_count":10161,"unique_id":"","share_info":{"share_image_url":{"url_list":null},"bool_persist":1,"share_url":"www.iesdouyin.com/share/user/58320846298?sec_uid=MS4wLjABAAAAN_qJRcU790EiLEImPaOkCMsgZkm40aC7o5JzRho-wUw&u_code=1jf98imk4c1b","share_weibo_desc":" ","share_desc":"在抖音，记录美好生活！","share_title":"快来加入抖音，让你发现最有趣的我！","share_qrcode_url":{"uri":"216a005380ad49cca7d1","url_list":["https://p6-dy-ipv6.byteimg.com/obj/216a005380ad49cca7d1","https://p3-dy.byteimg.com/obj/216a005380ad49cca7d1","https://p9-dy.byteimg.com/obj/216a005380ad49cca7d1"]}},"recommend_user_reason_source":0,"is_star":false,"is_activity_user":false,"avatar_larger":{"uri":"30f3e00068a675f37aa39","url_list":["https://p9-dy.byteimg.com/aweme/1080x1080/30f3e00068a675f37aa39.jpeg?from=4010531038","https://p3-dy.byteimg.com/aweme/1080x1080/30f3e00068a675f37aa39.jpeg?from=4010531038","https://p6-dy-ipv6.byteimg.com/aweme/1080x1080/30f3e00068a675f37aa39.jpeg?from=4010531038"]},"sync_to_toutiao":1,"is_effect_artist":false,"recommend_reason_relation":"","watch_status":false,"life_story_block":{"life_story_block":false},"room_id":0,"enterprise_verify_reason":"","youtube_channel_title":"","location":"珠海","message_chat_entry":true,"gender":2,"with_commerce_entry":true,"secret":0},"extra":{"now":1595171047000},"log_pb":{"impr_id":"2020071923040701001201802903029C6A"},"status_code":0}
