{"status_code":0,"user":{"profile_tab_type":0,"is_blocked":false,"recommend_user_reason_source":0,"white_cover_url":[{"uri":"tos-cn-i-0813/3811130668d54028af4f290507aab056","url_list":["https://p3-dy.byteimg.com/obj/tos-cn-i-0813/3811130668d54028af4f290507aab056?from=1247829622","https://p29-dy.byteimg.com/obj/tos-cn-i-0813/3811130668d54028af4f290507aab056?from=1247829622","https://p9-dy.byteimg.com/obj/tos-cn-i-0813/3811130668d54028af4f290507aab056?from=1247829622"]},{"uri":"318f1000413827e122102","url_list":["https://p29-dy.byteimg.com/obj/318f1000413827e122102?from=1247829622","https://p26-dy.byteimg.com/obj/318f1000413827e122102?from=1247829622","https://p6-dy-ipv6.byteimg.com/obj/318f1000413827e122102?from=1247829622"]}],"avatar_medium":{"url_list":["https://p3-dy.byteimg.com/img/tos-cn-i-0813/d7eef814c1fa4763a1b54c1f3b3cc68b~c5_720x720.jpeg?from=4010531038","https://p6-dy-ipv6.byteimg.com/img/tos-cn-i-0813/d7eef814c1fa4763a1b54c1f3b3cc68b~c5_720x720.jpeg?from=4010531038","https://p9-dy.byteimg.com/img/tos-cn-i-0813/d7eef814c1fa4763a1b54c1f3b3cc68b~c5_720x720.jpeg?from=4010531038"],"uri":"tos-cn-i-0813/d7eef814c1fa4763a1b54c1f3b3cc68b"},"with_commerce_entry":false,"apple_account":0,"district":"","ins_id":"","urge_detail":{"user_urged":0},"with_new_goods":false,"watch_status":false,"tab_settings":{"private_tab":{"show_private_tab":false,"private_tab_style":1}},"custom_verify":"","mplatform_followers_count":405,"secret":1,"is_gov_media_vip":false,"video_cover":{},"aweme_count":0,"share_info":{"share_qrcode_url":{"url_list":["https://p3-dy-ipv6.byteimg.com/obj/310d0000144cccf3bd3b1","https://p6-dy-ipv6.byteimg.com/obj/310d0000144cccf3bd3b1","https://p9-dy.byteimg.com/obj/310d0000144cccf3bd3b1"],"uri":"310d0000144cccf3bd3b1"},"share_image_url":{"url_list":null},"bool_persist":1,"share_url":"www.iesdouyin.com/share/user/3579619620170632?u_code=1jf98imk4c1b&sec_uid=MS4wLjABAAAA7j4z7imNJYrbtc6fWrIlgvL4R_GKjX51Gb233X4kPrloZq-k5Hil93jiWE2YvQBG","share_weibo_desc":" ","share_desc":"在抖音，记录美好生活！","share_title":"快来加入抖音，让你发现最有趣的我！"},"dongtai_count":0,"general_permission":{"following_follower_list_toast":1},"forward_count":0,"gender":2,"twitter_id":"","recommend_reason_relation":"","birthday_hide_level":1,"short_id":"0","follower_status":0,"show_favorite_list":true,"original_musician":{"music_count":0,"music_used_count":0,"digg_count":0},"twitter_name":"","life_story_block":{"life_story_block":false},"is_activity_user":false,"nickname":"美女之疯子","signature":"。。","avatar_thumb":{"uri":"tos-cn-i-0813/d7eef814c1fa4763a1b54c1f3b3cc68b","url_list":["https://p9-dy.byteimg.com/img/tos-cn-i-0813/d7eef814c1fa4763a1b54c1f3b3cc68b~c5_100x100.jpeg?from=4010531038","https://p6-dy-ipv6.byteimg.com/img/tos-cn-i-0813/d7eef814c1fa4763a1b54c1f3b3cc68b~c5_100x100.jpeg?from=4010531038","https://p1-dy.byteimg.com/img/tos-cn-i-0813/d7eef814c1fa4763a1b54c1f3b3cc68b~c5_100x100.jpeg?from=4010531038"]},"verification_type":0,"avatar_larger":{"uri":"tos-cn-i-0813/d7eef814c1fa4763a1b54c1f3b3cc68b","url_list":["https://p9-dy.byteimg.com/img/tos-cn-i-0813/d7eef814c1fa4763a1b54c1f3b3cc68b~c5_1080x1080.jpeg?from=4010531038","https://p29-dy.byteimg.com/img/tos-cn-i-0813/d7eef814c1fa4763a1b54c1f3b3cc68b~c5_1080x1080.jpeg?from=4010531038","https://p3-dy.byteimg.com/img/tos-cn-i-0813/d7eef814c1fa4763a1b54c1f3b3cc68b~c5_1080x1080.jpeg?from=4010531038"]},"followers_detail":[{"icon":"http://p3.pstatp.com/origin/50ec00079b64de2050dc","fans_count":405,"open_url":"snssdk1128://user/profile/3579619620170632?","apple_id":"1142110895","download_url":"https://d.douyin.com/JsvN/","package_name":"com.ss.android.ugc.aweme","app_name":"aweme","name":"抖音"},{"name":"头条","icon":"http://p3.pstatp.com/origin/50ed00079a1b6b8d1fb1","fans_count":0,"open_url":"snssdk143://profile?uid=0","apple_id":"529092160","download_url":"https://d.toutiao.com/YjjY/","package_name":"com.ss.android.article.news","app_name":"news_article"},{"package_name":"com.ss.android.ugc.live","app_name":"live_stream","name":"抖音火山版","icon":"http://p3.pstatp.com/origin/2ea5c000abe106154adef","fans_count":0,"open_url":"snssdk1112://profile?id=0","apple_id":"1086047750","download_url":"http://d.huoshanzhibo.com/eFvB/"}],"sync_to_toutiao":0,"follower_count":405,"country":"中国","signature_language":"un","message_chat_entry":true,"is_star":false,"sec_uid":"MS4wLjABAAAA7j4z7imNJYrbtc6fWrIlgvL4R_GKjX51Gb233X4kPrloZq-k5Hil93jiWE2YvQBG","total_favorited":0,"video_icon":{"uri":"","url_list":[]},"province":"四川","is_effect_artist":false,"is_block":false,"school_name":"重庆三峡职业学院","iso_country_code":"","commerce_user_info":{"has_ads_entry":false,"ad_revenue_rits":null},"uid":"3579619620170632","cover_url":[{"uri":"tos-cn-i-0813/3811130668d54028af4f290507aab056","url_list":["https://p3-dy.byteimg.com/obj/tos-cn-i-0813/3811130668d54028af4f290507aab056?from=1247829622","https://p29-dy.byteimg.com/obj/tos-cn-i-0813/3811130668d54028af4f290507aab056?from=1247829622","https://p9-dy.byteimg.com/obj/tos-cn-i-0813/3811130668d54028af4f290507aab056?from=1247829622"]},{"url_list":["https://p9-dy-ipv6.byteimg.com/obj/c8510002be9a3a61aad2?from=1247829622","https://p6-dy-ipv6.byteimg.com/obj/c8510002be9a3a61aad2?from=1247829622","https://p3-dy.byteimg.com/obj/c8510002be9a3a61aad2?from=1247829622"],"uri":"c8510002be9a3a61aad2"}],"avatar_300x300":{"uri":"tos-cn-i-0813/d7eef814c1fa4763a1b54c1f3b3cc68b","url_list":["https://p26-dy.byteimg.com/img/tos-cn-i-0813/d7eef814c1fa4763a1b54c1f3b3cc68b~c5_300x300.webp?from=4010531038","https://p6-dy-ipv6.byteimg.com/img/tos-cn-i-0813/d7eef814c1fa4763a1b54c1f3b3cc68b~c5_300x300.webp?from=4010531038","https://p9-dy.byteimg.com/img/tos-cn-i-0813/d7eef814c1fa4763a1b54c1f3b3cc68b~c5_300x300.webp?from=4010531038"]},"with_commerce_enterprise_tab_entry":false,"enterprise_user_info":"","birthday":"","favoriting_count":3223,"room_id":0,"enterprise_verify_reason":"","follow_status":1,"youtube_channel_id":"","youtube_channel_title":"","unique_id":"giao5146382","city":"达州","r_fans_group_info":{},"avatar_168x168":{"uri":"tos-cn-i-0813/d7eef814c1fa4763a1b54c1f3b3cc68b","url_list":["https://p9-dy.byteimg.com/img/tos-cn-i-0813/d7eef814c1fa4763a1b54c1f3b3cc68b~c5_168x168.webp?from=4010531038","https://p6-dy-ipv6.byteimg.com/img/tos-cn-i-0813/d7eef814c1fa4763a1b54c1f3b3cc68b~c5_168x168.webp?from=4010531038","https://p3-dy.byteimg.com/img/tos-cn-i-0813/d7eef814c1fa4763a1b54c1f3b3cc68b~c5_168x168.webp?from=4010531038"]},"location":"达州","following_count":1423,"commerce_user_level":0,"with_fusion_shop_entry":false,"live_commerce":false},"extra":{"now":1594714593000},"log_pb":{"impr_id":"202007141616330100120340481405319B"}}
