{"status_code":0,"user":{"avatar_168x168":{"uri":"72a0002c8162384ba94f","url_list":["https://p9-dy.byteimg.com/img/72a0002c8162384ba94f~c5_168x168.webp?from=4010531038","https://p6-dy-ipv6.byteimg.com/img/72a0002c8162384ba94f~c5_168x168.webp?from=4010531038","https://p3-dy.byteimg.com/img/72a0002c8162384ba94f~c5_168x168.webp?from=4010531038"]},"is_block":false,"share_info":{"share_desc":"在抖音，记录美好生活！","share_title":"快来加入抖音，让你发现最有趣的我！","share_qrcode_url":{"uri":"4a7a0028fcda7a1eb65b","url_list":["https://p3-dy.byteimg.com/obj/4a7a0028fcda7a1eb65b","https://p29-dy.byteimg.com/obj/4a7a0028fcda7a1eb65b","https://p9-dy.byteimg.com/obj/4a7a0028fcda7a1eb65b"]},"share_image_url":{"url_list":null},"bool_persist":1,"share_url":"www.iesdouyin.com/share/user/58651677044?sec_uid=MS4wLjABAAAAk416nE5DzCo7SiXdYgV2bOK8OO8Edy432cNBeJy1_us&u_code=1jf98imk4c1b","share_weibo_desc":" "},"commerce_info":{"offline_info_list":[],"challenge_list":[]},"original_musician":{"music_used_count":0,"digg_count":0,"music_count":0},"secret":0,"city":"","profile_tab_type":0,"is_activity_user":false,"avatar_medium":{"uri":"72a0002c8162384ba94f","url_list":["https://p6-dy-ipv6.byteimg.com/aweme/720x720/72a0002c8162384ba94f.jpeg?from=4010531038","https://p1-dy.byteimg.com/aweme/720x720/72a0002c8162384ba94f.jpeg?from=4010531038","https://p29-dy.byteimg.com/aweme/720x720/72a0002c8162384ba94f.jpeg?from=4010531038"]},"birthday":"1997-01-01","unique_id":"","recommend_user_reason_source":0,"message_chat_entry":true,"enterprise_user_info":"{\"commerce_info\":{\"offline_info_list\":[],\"challenge_list\":[]},\"homepage_bottom_toast\":[],\"permissions\":[{\"Id\":4,\"Key\":\"LiveShop\",\"Name\":\"直播电商\",\"AppId\":1128,\"Status\":1,\"Extra\":null,\"Customization\":null,\"Parent\":0},{\"Id\":81,\"Key\":\"Enterprise\",\"Name\":\"企业权限标识\",\"AppId\":1128,\"Status\":1,\"Extra\":null,\"Customization\":null,\"Parent\":0},{\"Id\":3,\"Key\":\"ItemShop\",\"Name\":\"视频电商\",\"AppId\":1128,\"Status\":1,\"Extra\":null,\"Customization\":null,\"Parent\":0},{\"Id\":5,\"Key\":\"UserShop\",\"Name\":\"个人橱窗\",\"AppId\":1128,\"Status\":1,\"Extra\":null,\"Customization\":null,\"Parent\":0}]}","youtube_channel_title":"","recommend_reason_relation":"","r_fans_group_info":{},"aweme_count":906,"is_star":false,"live_commerce":true,"district":"","birthday_hide_level":0,"nickname":"认真少女_颜九","custom_verify":"优质视频创作者","dongtai_count":1030,"sec_uid":"MS4wLjABAAAAk416nE5DzCo7SiXdYgV2bOK8OO8Edy432cNBeJy1_us","follow_status":1,"mplatform_followers_count":8859092,"is_gov_media_vip":false,"commerce_permissions":{"enterprise":1},"school_name":"","youtube_channel_id":"","with_new_goods":false,"watch_status":false,"favoriting_count":364,"room_id":0,"video_icon":{"uri":"","url_list":[]},"commerce_user_info":{"has_ads_entry":true,"ad_revenue_rits":null,"star_atlas":1,"show_star_atlas_cooperation":true},"uid":"58651677044","ins_id":"","with_commerce_enterprise_tab_entry":false,"show_favorite_list":true,"apple_account":0,"follower_status":0,"tab_settings":{"private_tab":{"private_tab_style":1,"show_private_tab":false}},"cover_url":[{"uri":"3173a000ae9384f297404","url_list":["https://p6-dy-ipv6.byteimg.com/obj/3173a000ae9384f297404?from=1247829622","https://p9-dy.byteimg.com/obj/3173a000ae9384f297404?from=1247829622","https://p3-dy.byteimg.com/obj/3173a000ae9384f297404?from=1247829622"]},{"uri":"c8510002be9a3a61aad2","url_list":["https://p3-dy.byteimg.com/obj/c8510002be9a3a61aad2?from=1247829622","https://p29-dy.byteimg.com/obj/c8510002be9a3a61aad2?from=1247829622","https://p6-dy-ipv6.byteimg.com/obj/c8510002be9a3a61aad2?from=1247829622"]}],"urge_detail":{"user_urged":0},"video_cover":{},"avatar_larger":{"uri":"72a0002c8162384ba94f","url_list":["https://p9-dy.byteimg.com/aweme/1080x1080/72a0002c8162384ba94f.jpeg?from=4010531038","https://p3-dy.byteimg.com/aweme/1080x1080/72a0002c8162384ba94f.jpeg?from=4010531038","https://p6-dy-ipv6.byteimg.com/aweme/1080x1080/72a0002c8162384ba94f.jpeg?from=4010531038"]},"with_commerce_entry":true,"province":"","forward_count":124,"following_count":27,"enterprise_verify_reason":"","shop_micro_app":"","twitter_id":"","white_cover_url":[{"url_list":["https://p6-dy-ipv6.byteimg.com/obj/3173a000ae9384f297404?from=1247829622","https://p9-dy.byteimg.com/obj/3173a000ae9384f297404?from=1247829622","https://p3-dy.byteimg.com/obj/3173a000ae9384f297404?from=1247829622"],"uri":"3173a000ae9384f297404"},{"uri":"318f1000413827e122102","url_list":["https://p29-dy.byteimg.com/obj/318f1000413827e122102?from=1247829622","https://p26-dy.byteimg.com/obj/318f1000413827e122102?from=1247829622","https://p3-dy.byteimg.com/obj/318f1000413827e122102?from=1247829622"]}],"verification_type":1,"with_fusion_shop_entry":true,"is_effect_artist":false,"is_blocked":false,"signature_language":"zh","gender":2,"signature":"一个专注试色的美妆博主\n一分钱都不许你多花\n任何售后问题👉颜九工作室（在关注里）\n就酱，啾咪～","follower_count":8575670,"avatar_thumb":{"uri":"72a0002c8162384ba94f","url_list":["https://p3-dy.byteimg.com/aweme/100x100/72a0002c8162384ba94f.jpeg?from=4010531038","https://p29-dy.byteimg.com/aweme/100x100/72a0002c8162384ba94f.jpeg?from=4010531038","https://p6-dy-ipv6.byteimg.com/aweme/100x100/72a0002c8162384ba94f.jpeg?from=4010531038"]},"commerce_user_level":0,"country":"","sync_to_toutiao":1,"twitter_name":"","life_story_block":{"life_story_block":false},"avatar_300x300":{"uri":"72a0002c8162384ba94f","url_list":["https://p6-dy-ipv6.byteimg.com/img/72a0002c8162384ba94f~c5_300x300.webp?from=4010531038","https://p3-dy.byteimg.com/img/72a0002c8162384ba94f~c5_300x300.webp?from=4010531038","https://p9-dy.byteimg.com/img/72a0002c8162384ba94f~c5_300x300.webp?from=4010531038"]},"short_id":"147104861","total_favorited":110012933,"followers_detail":[{"open_url":"snssdk1128://user/profile/58651677044?","apple_id":"1142110895","download_url":"https://d.douyin.com/JsvN/","package_name":"com.ss.android.ugc.aweme","app_name":"aweme","name":"抖音","icon":"http://p3.pstatp.com/origin/50ec00079b64de2050dc","fans_count":8575670},{"download_url":"https://d.toutiao.com/YjjY/","package_name":"com.ss.android.article.news","app_name":"news_article","name":"头条","icon":"http://p3.pstatp.com/origin/50ed00079a1b6b8d1fb1","fans_count":283422,"open_url":"snssdk143://profile?uid=81354064730","apple_id":"529092160"},{"package_name":"com.ss.android.ugc.live","app_name":"live_stream","name":"抖音火山版","icon":"http://p3.pstatp.com/origin/2ea5c000abe106154adef","fans_count":0,"open_url":"snssdk1112://profile?id=0","apple_id":"1086047750","download_url":"http://d.huoshanzhibo.com/eFvB/"}]},"extra":{"now":1595079182000},"log_pb":{"impr_id":"2020071821330101001203309005ECB378"}}
