{"extra":{"now":1594714550000},"log_pb":{"impr_id":"202007141615500100080722201804DB6D"},"status_code":0,"user":{"commerce_info":{"offline_info_list":[],"challenge_list":[]},"shop_micro_app":"","commerce_user_info":{"has_ads_entry":false,"ad_revenue_rits":null,"star_atlas":1,"show_star_atlas_cooperation":true},"gender":2,"avatar_medium":{"uri":"fd0600056f95cfef7f00","url_list":["https://p3-dy.byteimg.com/aweme/720x720/fd0600056f95cfef7f00.jpeg?from=4010531038","https://p29-dy.byteimg.com/aweme/720x720/fd0600056f95cfef7f00.jpeg?from=4010531038","https://p6-dy-ipv6.byteimg.com/aweme/720x720/fd0600056f95cfef7f00.jpeg?from=4010531038"]},"is_block":false,"apple_account":0,"is_effect_artist":false,"uid":"67768544306","urge_detail":{"user_urged":0},"recommend_user_reason_source":0,"country":"中国","video_cover":{},"tab_settings":{"private_tab":{"show_private_tab":false,"private_tab_style":1}},"signature":"全网6000W+粉丝、最全妆容教程\n工作邮箱：pony@nanjids.com","follower_count":6646746,"room_id":0,"enterprise_verify_reason":"","sync_to_toutiao":1,"commerce_user_level":0,"birthday_hide_level":1,"short_id":"67381969","message_chat_entry":true,"is_activity_user":false,"original_musician":{"music_count":0,"music_used_count":0,"digg_count":0},"twitter_id":"","city":"上海","district":"","white_cover_url":[{"uri":"2e1f30004438351b41608","url_list":["https://p9-dy.byteimg.com/obj/2e1f30004438351b41608?from=1247829622","https://p29-dy.byteimg.com/obj/2e1f30004438351b41608?from=1247829622","https://p1-dy.byteimg.com/obj/2e1f30004438351b41608?from=1247829622"]},{"uri":"318f1000413827e122102","url_list":["https://p3-dy.byteimg.com/obj/318f1000413827e122102?from=1247829622","https://p9-dy.byteimg.com/obj/318f1000413827e122102?from=1247829622","https://p26-dy.byteimg.com/obj/318f1000413827e122102?from=1247829622"]}],"custom_verify":"优质视频创作者","video_icon":{"uri":"","url_list":[]},"with_new_goods":false,"cover_url":[{"uri":"2e1f30004438351b41608","url_list":["https://p9-dy.byteimg.com/obj/2e1f30004438351b41608?from=1247829622","https://p29-dy.byteimg.com/obj/2e1f30004438351b41608?from=1247829622","https://p1-dy.byteimg.com/obj/2e1f30004438351b41608?from=1247829622"]},{"uri":"c8510002be9a3a61aad2","url_list":["https://p6-dy-ipv6.byteimg.com/obj/c8510002be9a3a61aad2?from=1247829622","https://p29-dy.byteimg.com/obj/c8510002be9a3a61aad2?from=1247829622","https://p9-dy.byteimg.com/obj/c8510002be9a3a61aad2?from=1247829622"]}],"signature_language":"zh","unique_id":"","avatar_168x168":{"uri":"fd0600056f95cfef7f00","url_list":["https://p3-dy.byteimg.com/img/fd0600056f95cfef7f00~c5_168x168.webp?from=4010531038","https://p26-dy.byteimg.com/img/fd0600056f95cfef7f00~c5_168x168.webp?from=4010531038","https://p9-dy.byteimg.com/img/fd0600056f95cfef7f00~c5_168x168.webp?from=4010531038"]},"ins_id":"","live_commerce":true,"life_story_block":{"life_story_block":false},"is_blocked":false,"nickname":"Pony朴惠敏","secret":0,"youtube_channel_id":"","with_fusion_shop_entry":true,"watch_status":false,"mplatform_followers_count":7309534,"followers_detail":[{"icon":"http://p3.pstatp.com/origin/50ec00079b64de2050dc","fans_count":6646746,"open_url":"snssdk1128://user/profile/67768544306?","apple_id":"1142110895","download_url":"https://d.douyin.com/JsvN/","package_name":"com.ss.android.ugc.aweme","app_name":"aweme","name":"抖音"},{"package_name":"com.ss.android.article.news","app_name":"news_article","name":"头条","icon":"http://p3.pstatp.com/origin/50ed00079a1b6b8d1fb1","fans_count":597573,"open_url":"snssdk143://profile?uid=51974848124","apple_id":"529092160","download_url":"https://d.toutiao.com/YjjY/"},{"icon":"http://p3.pstatp.com/origin/2ea5c000abe106154adef","fans_count":65215,"open_url":"snssdk1112://profile?id=4503667395914802","apple_id":"1086047750","download_url":"http://d.huoshanzhibo.com/eFvB/","package_name":"com.ss.android.ugc.live","app_name":"live_stream","name":"抖音火山版"}],"dongtai_count":389,"recommend_reason_relation":"","with_commerce_enterprise_tab_entry":false,"sec_uid":"MS4wLjABAAAAvCRDvAM6FVQKyHqBGbspBtALMXo1P9JnhwTW2RGNark","share_info":{"share_qrcode_url":{"uri":"330a002248cf8c260e94","url_list":["https://p26-dy.byteimg.com/obj/330a002248cf8c260e94","https://p29-dy.byteimg.com/obj/330a002248cf8c260e94","https://p1-dy.byteimg.com/obj/330a002248cf8c260e94"]},"share_image_url":{"url_list":null},"bool_persist":1,"share_url":"www.iesdouyin.com/share/user/67768544306?u_code=1jf98imk4c1b&sec_uid=MS4wLjABAAAAvCRDvAM6FVQKyHqBGbspBtALMXo1P9JnhwTW2RGNark","share_weibo_desc":" ","share_desc":"在抖音，记录美好生活！","share_title":"快来加入抖音，让你发现最有趣的我！"},"is_star":false,"show_favorite_list":true,"enterprise_user_info":"{\"commerce_info\":{\"offline_info_list\":[],\"challenge_list\":[]},\"homepage_bottom_toast\":[],\"permissions\":[{\"Id\":3,\"Key\":\"ItemShop\",\"Name\":\"视频电商\",\"AppId\":1128,\"Status\":1,\"Extra\":null,\"Customization\":null,\"Parent\":0},{\"Id\":4,\"Key\":\"LiveShop\",\"Name\":\"直播电商\",\"AppId\":1128,\"Status\":1,\"Extra\":null,\"Customization\":null,\"Parent\":0},{\"Id\":5,\"Key\":\"UserShop\",\"Name\":\"个人橱窗\",\"AppId\":1128,\"Status\":1,\"Extra\":null,\"Customization\":null,\"Parent\":0}]}","verification_type":1,"aweme_count":380,"favoriting_count":6,"with_commerce_entry":true,"youtube_channel_title":"","profile_tab_type":0,"avatar_larger":{"uri":"fd0600056f95cfef7f00","url_list":["https://p29-dy.byteimg.com/aweme/1080x1080/fd0600056f95cfef7f00.jpeg?from=4010531038","https://p6-dy-ipv6.byteimg.com/aweme/1080x1080/fd0600056f95cfef7f00.jpeg?from=4010531038","https://p3-dy.byteimg.com/aweme/1080x1080/fd0600056f95cfef7f00.jpeg?from=4010531038"]},"total_favorited":25843263,"is_gov_media_vip":false,"province":"上海","r_fans_group_info":{},"following_count":1,"twitter_name":"","follower_status":0,"avatar_300x300":{"url_list":["https://p6-dy-ipv6.byteimg.com/img/fd0600056f95cfef7f00~c5_300x300.webp?from=4010531038","https://p1-dy.byteimg.com/img/fd0600056f95cfef7f00~c5_300x300.webp?from=4010531038","https://p9-dy.byteimg.com/img/fd0600056f95cfef7f00~c5_300x300.webp?from=4010531038"],"uri":"fd0600056f95cfef7f00"},"forward_count":9,"avatar_thumb":{"uri":"fd0600056f95cfef7f00","url_list":["https://p3-dy.byteimg.com/aweme/100x100/fd0600056f95cfef7f00.jpeg?from=4010531038","https://p6-dy-ipv6.byteimg.com/aweme/100x100/fd0600056f95cfef7f00.jpeg?from=4010531038","https://p9-dy.byteimg.com/aweme/100x100/fd0600056f95cfef7f00.jpeg?from=4010531038"]},"follow_status":1,"birthday":""}}
