{"extra":{"now":1594740913000},"log_pb":{"impr_id":"202007142335130100140460142A4D8F99"},"status_code":0,"user":{"is_star":false,"video_cover":{},"secret":0,"watch_status":false,"video_icon":{"uri":"","url_list":[]},"twitter_id":"","avatar_168x168":{"uri":"1b58d0001a1efec9a5040","url_list":["https://p29-dy.byteimg.com/img/1b58d0001a1efec9a5040~c5_168x168.webp?from=4010531038","https://p6-dy-ipv6.byteimg.com/img/1b58d0001a1efec9a5040~c5_168x168.webp?from=4010531038","https://p3-dy.byteimg.com/img/1b58d0001a1efec9a5040~c5_168x168.webp?from=4010531038"]},"signature_language":"zh","nickname":"涵涵的百宝屋","mplatform_followers_count":84416,"followers_detail":[{"icon":"http://p3.pstatp.com/origin/50ec00079b64de2050dc","fans_count":84416,"open_url":"snssdk1128://user/profile/58518551358?","apple_id":"1142110895","download_url":"https://d.douyin.com/JsvN/","package_name":"com.ss.android.ugc.aweme","app_name":"aweme","name":"抖音"},{"fans_count":0,"open_url":"snssdk143://profile?uid=0","apple_id":"529092160","download_url":"https://d.toutiao.com/YjjY/","package_name":"com.ss.android.article.news","app_name":"news_article","name":"头条","icon":"http://p3.pstatp.com/origin/50ed00079a1b6b8d1fb1"},{"icon":"http://p3.pstatp.com/origin/2ea5c000abe106154adef","fans_count":0,"open_url":"snssdk1112://profile?id=0","apple_id":"1086047750","download_url":"http://d.huoshanzhibo.com/eFvB/","package_name":"com.ss.android.ugc.live","app_name":"live_stream","name":"抖音火山版"}],"commerce_info":{"offline_info_list":[],"challenge_list":[]},"ins_id":"","twitter_name":"","province":"辽宁","commerce_user_info":{"has_ads_entry":false,"ad_revenue_rits":null},"enterprise_user_info":"{\"commerce_info\":{\"offline_info_list\":[],\"challenge_list\":[]},\"homepage_bottom_toast\":[],\"permissions\":[{\"Id\":3,\"Key\":\"ItemShop\",\"Name\":\"视频电商\",\"AppId\":1128,\"Status\":1,\"Extra\":null,\"Customization\":null,\"Parent\":0},{\"Id\":5,\"Key\":\"UserShop\",\"Name\":\"个人橱窗\",\"AppId\":1128,\"Status\":1,\"Extra\":null,\"Customization\":null,\"Parent\":0},{\"Id\":4,\"Key\":\"LiveShop\",\"Name\":\"直播电商\",\"AppId\":1128,\"Status\":1,\"Extra\":null,\"Customization\":null,\"Parent\":0}]}","room_id":0,"sync_to_toutiao":0,"with_commerce_enterprise_tab_entry":false,"uid":"58518551358","iso_country_code":"","is_block":false,"unique_id":"kouhong521","verification_type":0,"apple_account":0,"r_fans_group_info":{},"follow_status":1,"total_favorited":722579,"follower_status":0,"with_new_goods":false,"live_commerce":true,"birthday":"1998-01-01","custom_verify":"","share_info":{"share_image_url":{"url_list":null},"bool_persist":1,"share_url":"www.iesdouyin.com/share/user/58518551358?u_code=1jf98imk4c1b&sec_uid=MS4wLjABAAAASNeqTcv2fwBReC_WEDHWAMXBq4bM_zKrCjBMuPMx85E","share_weibo_desc":" ","share_desc":"在抖音，记录美好生活！","share_title":"快来加入抖音，让你发现最有趣的我！","share_qrcode_url":{"uri":"6f96001c023c6f03c164","url_list":["https://p26-dy.byteimg.com/obj/6f96001c023c6f03c164","https://p1-dy.byteimg.com/obj/6f96001c023c6f03c164","https://p6-dy-ipv6.byteimg.com/obj/6f96001c023c6f03c164"]}},"recommend_reason_relation":"","is_effect_artist":false,"avatar_300x300":{"uri":"1b58d0001a1efec9a5040","url_list":["https://p3-dy.byteimg.com/img/1b58d0001a1efec9a5040~c5_300x300.webp?from=4010531038","https://p6-dy-ipv6.byteimg.com/img/1b58d0001a1efec9a5040~c5_300x300.webp?from=4010531038","https://p26-dy.byteimg.com/img/1b58d0001a1efec9a5040~c5_300x300.webp?from=4010531038"]},"sec_uid":"MS4wLjABAAAASNeqTcv2fwBReC_WEDHWAMXBq4bM_zKrCjBMuPMx85E","urge_detail":{"user_urged":0},"gender":2,"favoriting_count":2697,"white_cover_url":[{"uri":"2dc000005790900a2eed7","url_list":["https://p3-dy.byteimg.com/obj/2dc000005790900a2eed7?from=1247829622","https://p26-dy.byteimg.com/obj/2dc000005790900a2eed7?from=1247829622","https://p9-dy.byteimg.com/obj/2dc000005790900a2eed7?from=1247829622"]},{"uri":"318f1000413827e122102","url_list":["https://p1-dy-ipv6.byteimg.com/obj/318f1000413827e122102?from=1247829622","https://p6-dy-ipv6.byteimg.com/obj/318f1000413827e122102?from=1247829622","https://p9-dy.byteimg.com/obj/318f1000413827e122102?from=1247829622"]}],"original_musician":{"music_count":0,"music_used_count":0,"digg_count":0},"commerce_user_level":0,"district":"","tab_settings":{"private_tab":{"show_private_tab":false,"private_tab_style":1}},"recommend_user_reason_source":0,"short_id":"0","with_commerce_entry":true,"school_name":"","youtube_channel_id":"","youtube_channel_title":"","shop_micro_app":"","birthday_hide_level":0,"is_activity_user":false,"avatar_thumb":{"uri":"1b58d0001a1efec9a5040","url_list":["https://p6-dy-ipv6.byteimg.com/aweme/100x100/1b58d0001a1efec9a5040.jpeg?from=4010531038","https://p29-dy.byteimg.com/aweme/100x100/1b58d0001a1efec9a5040.jpeg?from=4010531038","https://p9-dy.byteimg.com/aweme/100x100/1b58d0001a1efec9a5040.jpeg?from=4010531038"]},"avatar_medium":{"uri":"1b58d0001a1efec9a5040","url_list":["https://p3-dy.byteimg.com/aweme/720x720/1b58d0001a1efec9a5040.jpeg?from=4010531038","https://p9-dy.byteimg.com/aweme/720x720/1b58d0001a1efec9a5040.jpeg?from=4010531038","https://p6-dy-ipv6.byteimg.com/aweme/720x720/1b58d0001a1efec9a5040.jpeg?from=4010531038"]},"forward_count":12,"enterprise_verify_reason":"","message_chat_entry":true,"country":"中国","aweme_count":183,"dongtai_count":195,"cover_url":[{"uri":"2dc000005790900a2eed7","url_list":["https://p3-dy.byteimg.com/obj/2dc000005790900a2eed7?from=1247829622","https://p26-dy.byteimg.com/obj/2dc000005790900a2eed7?from=1247829622","https://p9-dy.byteimg.com/obj/2dc000005790900a2eed7?from=1247829622"]},{"uri":"c8510002be9a3a61aad2","url_list":["https://p9-dy.byteimg.com/obj/c8510002be9a3a61aad2?from=1247829622","https://p26-dy.byteimg.com/obj/c8510002be9a3a61aad2?from=1247829622","https://p3-dy.byteimg.com/obj/c8510002be9a3a61aad2?from=1247829622"]}],"show_favorite_list":true,"avatar_larger":{"uri":"1b58d0001a1efec9a5040","url_list":["https://p6-dy-ipv6.byteimg.com/aweme/1080x1080/1b58d0001a1efec9a5040.jpeg?from=4010531038","https://p26-dy.byteimg.com/aweme/1080x1080/1b58d0001a1efec9a5040.jpeg?from=4010531038","https://p3-dy.byteimg.com/aweme/1080x1080/1b58d0001a1efec9a5040.jpeg?from=4010531038"]},"follower_count":84416,"life_story_block":{"life_story_block":false},"with_fusion_shop_entry":true,"city":"铁岭","is_blocked":false,"is_gov_media_vip":false,"profile_tab_type":0,"location":"铁岭","signature":"dh12356\n备注来意🙆♀️","following_count":256}}
