{"status_code":0,"user":{"secret":0,"uid":"81939158402","commerce_info":{"offline_info_list":[],"challenge_list":[]},"youtube_channel_id":"","watch_status":false,"video_cover":{},"birthday":"1992-01-01","follow_status":1,"with_commerce_enterprise_tab_entry":false,"avatar_300x300":{"url_list":["https://p26-dy.byteimg.com/img/2dd6d0000536fbff618c2~c5_300x300.webp?from=4010531038","https://p9-dy.byteimg.com/img/2dd6d0000536fbff618c2~c5_300x300.webp?from=4010531038","https://p3-dy.byteimg.com/img/2dd6d0000536fbff618c2~c5_300x300.webp?from=4010531038"],"uri":"2dd6d0000536fbff618c2"},"short_id":"166902759","with_commerce_entry":true,"enterprise_verify_reason":"","cover_url":[{"uri":"31b1900025013922ca84e","url_list":["https://p6-dy-ipv6.byteimg.com/obj/31b1900025013922ca84e?from=1247829622","https://p9-dy.byteimg.com/obj/31b1900025013922ca84e?from=1247829622","https://p3-dy.byteimg.com/obj/31b1900025013922ca84e?from=1247829622"]},{"uri":"c8510002be9a3a61aad2","url_list":["https://p9-dy-ipv6.byteimg.com/obj/c8510002be9a3a61aad2?from=1247829622","https://p3-dy.byteimg.com/obj/c8510002be9a3a61aad2?from=1247829622","https://p6-dy-ipv6.byteimg.com/obj/c8510002be9a3a61aad2?from=1247829622"]}],"urge_detail":{"user_urged":0},"message_chat_entry":true,"avatar_larger":{"uri":"2dd6d0000536fbff618c2","url_list":["https://p9-dy-ipv6.byteimg.com/aweme/1080x1080/2dd6d0000536fbff618c2.jpeg?from=4010531038","https://p26-dy.byteimg.com/aweme/1080x1080/2dd6d0000536fbff618c2.jpeg?from=4010531038","https://p6-dy-ipv6.byteimg.com/aweme/1080x1080/2dd6d0000536fbff618c2.jpeg?from=4010531038"]},"youtube_channel_title":"","is_gov_media_vip":false,"dongtai_count":413,"profile_tab_type":0,"forward_count":2,"avatar_thumb":{"uri":"2dd6d0000536fbff618c2","url_list":["https://p9-dy.byteimg.com/aweme/100x100/2dd6d0000536fbff618c2.jpeg?from=4010531038","https://p29-dy.byteimg.com/aweme/100x100/2dd6d0000536fbff618c2.jpeg?from=4010531038","https://p6-dy-ipv6.byteimg.com/aweme/100x100/2dd6d0000536fbff618c2.jpeg?from=4010531038"]},"aweme_count":411,"favoriting_count":110,"original_musician":{"music_used_count":0,"digg_count":0,"music_count":0},"mplatform_followers_count":43674594,"twitter_name":"","live_commerce":true,"country":"中国","signature_language":"zh","tab_settings":{"private_tab":{"show_private_tab":false,"private_tab_style":1}},"city":"上海","signature":"涂口红世界纪录保持者 战胜马云的口红一哥\n关注vx：李佳琦Austin","total_favorited":281247102,"is_block":false,"province":"上海","nickname":"李佳琦Austin","gender":1,"follower_count":43674594,"school_name":"","sync_to_toutiao":0,"r_fans_group_info":{},"show_favorite_list":true,"verification_type":1,"commerce_user_level":0,"apple_account":0,"with_fusion_shop_entry":true,"is_effect_artist":false,"is_star":false,"avatar_168x168":{"url_list":["https://p29-dy.byteimg.com/img/2dd6d0000536fbff618c2~c5_168x168.webp?from=4010531038","https://p26-dy.byteimg.com/img/2dd6d0000536fbff618c2~c5_168x168.webp?from=4010531038","https://p3-dy.byteimg.com/img/2dd6d0000536fbff618c2~c5_168x168.webp?from=4010531038"],"uri":"2dd6d0000536fbff618c2"},"unique_id":"","twitter_id":"","commerce_user_info":{"star_atlas":1,"show_star_atlas_cooperation":true,"has_ads_entry":false,"ad_revenue_rits":null},"sec_uid":"MS4wLjABAAAADPmcyqr3M1ZUMAq245VLQ_E2LaE0rwoH0QEVNJfoq2A","birthday_hide_level":0,"avatar_medium":{"uri":"2dd6d0000536fbff618c2","url_list":["https://p6-dy-ipv6.byteimg.com/aweme/720x720/2dd6d0000536fbff618c2.jpeg?from=4010531038","https://p29-dy.byteimg.com/aweme/720x720/2dd6d0000536fbff618c2.jpeg?from=4010531038","https://p9-dy.byteimg.com/aweme/720x720/2dd6d0000536fbff618c2.jpeg?from=4010531038"]},"following_count":5,"custom_verify":"","share_info":{"share_weibo_desc":" ","share_desc":"在抖音，记录美好生活！","share_title":"快来加入抖音，让你发现最有趣的我！","share_qrcode_url":{"url_list":["https://p3-dy-ipv6.byteimg.com/obj/508f002239d6826ae77a","https://p9-dy.byteimg.com/obj/508f002239d6826ae77a","https://p6-dy-ipv6.byteimg.com/obj/508f002239d6826ae77a"],"uri":"508f002239d6826ae77a"},"share_image_url":{"url_list":null},"bool_persist":1,"share_url":"www.iesdouyin.com/share/user/81939158402?u_code=1jf98imk4c1b&sec_uid=MS4wLjABAAAADPmcyqr3M1ZUMAq245VLQ_E2LaE0rwoH0QEVNJfoq2A"},"recommend_reason_relation":"","recommend_user_reason_source":0,"video_icon":{"uri":"","url_list":[]},"is_blocked":false,"is_activity_user":false,"white_cover_url":[{"uri":"31b1900025013922ca84e","url_list":["https://p6-dy-ipv6.byteimg.com/obj/31b1900025013922ca84e?from=1247829622","https://p9-dy.byteimg.com/obj/31b1900025013922ca84e?from=1247829622","https://p3-dy.byteimg.com/obj/31b1900025013922ca84e?from=1247829622"]},{"uri":"318f1000413827e122102","url_list":["https://p9-dy.byteimg.com/obj/318f1000413827e122102?from=1247829622","https://p6-dy-ipv6.byteimg.com/obj/318f1000413827e122102?from=1247829622","https://p26-dy.byteimg.com/obj/318f1000413827e122102?from=1247829622"]}],"ins_id":"","follower_status":0,"shop_micro_app":"","enterprise_user_info":"{\"commerce_info\":{\"offline_info_list\":[],\"challenge_list\":[]},\"homepage_bottom_toast\":[],\"permissions\":[{\"Id\":5,\"Key\":\"UserShop\",\"Name\":\"个人橱窗\",\"AppId\":1128,\"Status\":1,\"Extra\":null,\"Customization\":null,\"Parent\":0},{\"Id\":4,\"Key\":\"LiveShop\",\"Name\":\"直播电商\",\"AppId\":1128,\"Status\":1,\"Extra\":null,\"Customization\":null,\"Parent\":0},{\"Id\":3,\"Key\":\"ItemShop\",\"Name\":\"视频电商\",\"AppId\":1128,\"Status\":1,\"Extra\":null,\"Customization\":null,\"Parent\":0}]}","room_id":0,"followers_detail":[{"app_name":"aweme","name":"抖音","icon":"http://p3.pstatp.com/origin/50ec00079b64de2050dc","fans_count":43674594,"open_url":"snssdk1128://user/profile/81939158402?","apple_id":"1142110895","download_url":"https://d.douyin.com/JsvN/","package_name":"com.ss.android.ugc.aweme"},{"app_name":"news_article","name":"头条","icon":"http://p3.pstatp.com/origin/50ed00079a1b6b8d1fb1","fans_count":0,"open_url":"snssdk143://profile?uid=0","apple_id":"529092160","download_url":"https://d.toutiao.com/YjjY/","package_name":"com.ss.android.article.news"},{"download_url":"http://d.huoshanzhibo.com/eFvB/","package_name":"com.ss.android.ugc.live","app_name":"live_stream","name":"抖音火山版","icon":"http://p3.pstatp.com/origin/2ea5c000abe106154adef","fans_count":0,"open_url":"snssdk1112://profile?id=0","apple_id":"1086047750"}],"with_new_goods":false,"district":"","life_story_block":{"life_story_block":false}},"extra":{"now":1595171069000},"log_pb":{"impr_id":"202007192304280100080612052601296F"}}
