{"status_code":0,"user":{"avatar_larger":{"uri":"31741000880827306c209","url_list":["https://p26-dy.byteimg.com/aweme/1080x1080/31741000880827306c209.jpeg?from=4010531038","https://p6-dy-ipv6.byteimg.com/aweme/1080x1080/31741000880827306c209.jpeg?from=4010531038","https://p9-dy.byteimg.com/aweme/1080x1080/31741000880827306c209.jpeg?from=4010531038"]},"video_icon":{"uri":"","url_list":[]},"avatar_168x168":{"uri":"31741000880827306c209","url_list":["https://p1-dy-ipv6.byteimg.com/img/31741000880827306c209~c5_168x168.webp?from=4010531038","https://p3-dy.byteimg.com/img/31741000880827306c209~c5_168x168.webp?from=4010531038","https://p9-dy.byteimg.com/img/31741000880827306c209~c5_168x168.webp?from=4010531038"]},"sec_uid":"MS4wLjABAAAAS6U_Vwu9cjMs8qt7Bx-RSkA_gxl6-pvrB89zLL_X8eQ","total_favorited":37857,"followers_detail":[{"fans_count":6775,"open_url":"snssdk1128://user/profile/93416550083?","apple_id":"1142110895","download_url":"https://d.douyin.com/JsvN/","package_name":"com.ss.android.ugc.aweme","app_name":"aweme","name":"抖音","icon":"http://p3.pstatp.com/origin/50ec00079b64de2050dc"},{"app_name":"news_article","name":"头条","icon":"http://p3.pstatp.com/origin/50ed00079a1b6b8d1fb1","fans_count":1,"open_url":"snssdk143://profile?uid=1028748371834007","apple_id":"529092160","download_url":"https://d.toutiao.com/YjjY/","package_name":"com.ss.android.article.news"},{"fans_count":0,"open_url":"snssdk1112://profile?id=0","apple_id":"1086047750","download_url":"http://d.huoshanzhibo.com/eFvB/","package_name":"com.ss.android.ugc.live","app_name":"live_stream","name":"抖音火山版","icon":"http://p3.pstatp.com/origin/2ea5c000abe106154adef"}],"white_cover_url":[{"uri":"2f6a700030a8663cf3fd7","url_list":["https://p3-dy.byteimg.com/obj/2f6a700030a8663cf3fd7?from=1247829622","https://p6-dy-ipv6.byteimg.com/obj/2f6a700030a8663cf3fd7?from=1247829622","https://p9-dy.byteimg.com/obj/2f6a700030a8663cf3fd7?from=1247829622"]},{"uri":"318f1000413827e122102","url_list":["https://p26-dy.byteimg.com/obj/318f1000413827e122102?from=1247829622","https://p9-dy.byteimg.com/obj/318f1000413827e122102?from=1247829622","https://p3-dy.byteimg.com/obj/318f1000413827e122102?from=1247829622"]}],"apple_account":0,"shop_micro_app":"","dongtai_count":161,"watch_status":false,"show_favorite_list":false,"enterprise_verify_reason":"","ins_id":"","is_effect_artist":false,"is_blocked":false,"forward_count":1,"uid":"93416550083","follower_status":0,"verification_type":0,"city":"徐州","commerce_user_info":{"has_ads_entry":false,"ad_revenue_rits":null,"star_atlas":1,"show_star_atlas_cooperation":true},"is_activity_user":false,"is_block":false,"with_commerce_entry":true,"province":"江苏","profile_tab_type":0,"video_cover":{},"birthday":"","favoriting_count":0,"avatar_medium":{"uri":"31741000880827306c209","url_list":["https://p29-dy.byteimg.com/aweme/720x720/31741000880827306c209.jpeg?from=4010531038","https://p3-dy.byteimg.com/aweme/720x720/31741000880827306c209.jpeg?from=4010531038","https://p1-dy.byteimg.com/aweme/720x720/31741000880827306c209.jpeg?from=4010531038"]},"short_id":"0","gender":2,"district":"泉山","life_story_block":{"life_story_block":false},"r_fans_group_info":{},"tab_settings":{"private_tab":{"show_private_tab":false,"private_tab_style":1}},"share_info":{"share_title":"快来加入抖音，让你发现最有趣的我！","share_qrcode_url":{"uri":"65a40035f9bf2a992c08","url_list":["https://p3-dy.byteimg.com/obj/65a40035f9bf2a992c08","https://p6-dy-ipv6.byteimg.com/obj/65a40035f9bf2a992c08","https://p9-dy.byteimg.com/obj/65a40035f9bf2a992c08"]},"share_image_url":{"url_list":null},"bool_persist":1,"share_url":"www.iesdouyin.com/share/user/93416550083?u_code=1jf98imk4c1b&sec_uid=MS4wLjABAAAAS6U_Vwu9cjMs8qt7Bx-RSkA_gxl6-pvrB89zLL_X8eQ","share_weibo_desc":" ","share_desc":"在抖音，记录美好生活！"},"youtube_channel_id":"","commerce_user_level":0,"is_star":false,"message_chat_entry":true,"custom_verify":"","mplatform_followers_count":6776,"commerce_info":{"offline_info_list":[],"challenge_list":[]},"with_fusion_shop_entry":true,"with_new_goods":false,"live_commerce":true,"follow_status":1,"follower_count":6775,"following_count":3,"unique_id":"Pilapameiei","school_name":"","sync_to_toutiao":1,"twitter_id":"","twitter_name":"","nickname":"SiHueee","aweme_count":160,"signature_language":"zh","birthday_hide_level":0,"country":"中国","with_commerce_enterprise_tab_entry":false,"secret":0,"recommend_reason_relation":"","avatar_300x300":{"uri":"31741000880827306c209","url_list":["https://p29-dy.byteimg.com/img/31741000880827306c209~c5_300x300.webp?from=4010531038","https://p6-dy-ipv6.byteimg.com/img/31741000880827306c209~c5_300x300.webp?from=4010531038","https://p9-dy.byteimg.com/img/31741000880827306c209~c5_300x300.webp?from=4010531038"]},"room_id":0,"youtube_channel_title":"","cover_url":[{"uri":"2f6a700030a8663cf3fd7","url_list":["https://p3-dy.byteimg.com/obj/2f6a700030a8663cf3fd7?from=1247829622","https://p6-dy-ipv6.byteimg.com/obj/2f6a700030a8663cf3fd7?from=1247829622","https://p9-dy.byteimg.com/obj/2f6a700030a8663cf3fd7?from=1247829622"]},{"url_list":["https://p9-dy.byteimg.com/obj/c8510002be9a3a61aad2?from=1247829622","https://p3-dy.byteimg.com/obj/c8510002be9a3a61aad2?from=1247829622","https://p6-dy-ipv6.byteimg.com/obj/c8510002be9a3a61aad2?from=1247829622"],"uri":"c8510002be9a3a61aad2"}],"urge_detail":{"user_urged":0},"enterprise_user_info":"{\"commerce_info\":{\"offline_info_list\":[],\"challenge_list\":[]},\"homepage_bottom_toast\":[],\"permissions\":[{\"Id\":3,\"Key\":\"ItemShop\",\"Name\":\"视频电商\",\"AppId\":1128,\"Status\":1,\"Extra\":null,\"Customization\":null,\"Parent\":0},{\"Id\":4,\"Key\":\"LiveShop\",\"Name\":\"直播电商\",\"AppId\":1128,\"Status\":1,\"Extra\":null,\"Customization\":null,\"Parent\":0},{\"Id\":5,\"Key\":\"UserShop\",\"Name\":\"个人橱窗\",\"AppId\":1128,\"Status\":1,\"Extra\":null,\"Customization\":null,\"Parent\":0}]}","original_musician":{"music_count":0,"music_used_count":0,"digg_count":0},"is_gov_media_vip":false,"recommend_user_reason_source":0,"signature":"overline唇妆爱好者\n试色无美颜无滤镜 \n杠精直接折叠","avatar_thumb":{"uri":"31741000880827306c209","url_list":["https://p3-dy.byteimg.com/aweme/100x100/31741000880827306c209.jpeg?from=4010531038","https://p6-dy-ipv6.byteimg.com/aweme/100x100/31741000880827306c209.jpeg?from=4010531038","https://p9-dy.byteimg.com/aweme/100x100/31741000880827306c209.jpeg?from=4010531038"]}},"extra":{"now":1595170971000},"log_pb":{"impr_id":"202007192302510100120591580A000C1C"}}
