{"user":{"commerce_info":{"offline_info_list":[],"challenge_list":[]},"ins_id":"","avatar_168x168":{"uri":"fd0600056f95cfef7f00","url_list":["https://p9-dy-ipv6.byteimg.com/img/fd0600056f95cfef7f00~c5_168x168.webp?from=4010531038","https://p26-dy.byteimg.com/img/fd0600056f95cfef7f00~c5_168x168.webp?from=4010531038","https://p3-dy.byteimg.com/img/fd0600056f95cfef7f00~c5_168x168.webp?from=4010531038"]},"avatar_larger":{"uri":"fd0600056f95cfef7f00","url_list":["https://p9-dy-ipv6.byteimg.com/aweme/1080x1080/fd0600056f95cfef7f00.jpeg?from=4010531038","https://p6-dy-ipv6.byteimg.com/aweme/1080x1080/fd0600056f95cfef7f00.jpeg?from=4010531038","https://p29-dy.byteimg.com/aweme/1080x1080/fd0600056f95cfef7f00.jpeg?from=4010531038"]},"following_count":1,"follower_count":6661795,"custom_verify":"优质视频创作者","mplatform_followers_count":7324929,"sec_uid":"MS4wLjABAAAAvCRDvAM6FVQKyHqBGbspBtALMXo1P9JnhwTW2RGNark","is_activity_user":false,"birthday":"","commerce_user_level":0,"with_fusion_shop_entry":true,"commerce_user_info":{"star_atlas":1,"show_star_atlas_cooperation":true,"has_ads_entry":false,"ad_revenue_rits":null},"tab_settings":{"private_tab":{"show_private_tab":false,"private_tab_style":1}},"show_favorite_list":true,"recommend_user_reason_source":0,"favoriting_count":6,"enterprise_verify_reason":"","secret":0,"live_commerce":true,"video_cover":{},"share_info":{"share_weibo_desc":" ","share_desc":"在抖音，记录美好生活！","share_title":"快来加入抖音，让你发现最有趣的我！","share_qrcode_url":{"uri":"330a002248cf8c260e94","url_list":["https://p9-dy-ipv6.byteimg.com/obj/330a002248cf8c260e94","https://p6-dy-ipv6.byteimg.com/obj/330a002248cf8c260e94","https://p3-dy.byteimg.com/obj/330a002248cf8c260e94"]},"share_image_url":{"url_list":null},"bool_persist":1,"share_url":"www.iesdouyin.com/share/user/67768544306?u_code=1jf98imk4c1b&sec_uid=MS4wLjABAAAAvCRDvAM6FVQKyHqBGbspBtALMXo1P9JnhwTW2RGNark"},"verification_type":1,"province":"上海","is_star":false,"gender":2,"followers_detail":[{"fans_count":6661795,"open_url":"snssdk1128://user/profile/67768544306?","apple_id":"1142110895","download_url":"https://d.douyin.com/JsvN/","package_name":"com.ss.android.ugc.aweme","app_name":"aweme","name":"抖音","icon":"http://p3.pstatp.com/origin/50ec00079b64de2050dc"},{"app_name":"news_article","name":"头条","icon":"http://p3.pstatp.com/origin/50ed00079a1b6b8d1fb1","fans_count":597936,"open_url":"snssdk143://profile?uid=51974848124","apple_id":"529092160","download_url":"https://d.toutiao.com/YjjY/","package_name":"com.ss.android.article.news"},{"icon":"http://p3.pstatp.com/origin/2ea5c000abe106154adef","fans_count":65198,"open_url":"snssdk1112://profile?id=4503667395914802","apple_id":"1086047750","download_url":"http://d.huoshanzhibo.com/eFvB/","package_name":"com.ss.android.ugc.live","app_name":"live_stream","name":"抖音火山版"}],"apple_account":0,"forward_count":9,"follow_status":1,"is_block":false,"room_id":0,"life_story_block":{"life_story_block":false},"total_favorited":26043755,"youtube_channel_title":"","watch_status":false,"is_effect_artist":false,"unique_id":"","signature_language":"zh","nickname":"Pony朴惠敏","twitter_id":"","uid":"67768544306","original_musician":{"music_used_count":0,"digg_count":0,"music_count":0},"shop_micro_app":"","signature":"全网6000W+粉丝、最全妆容教程\n工作邮箱：pony@nanjids.com","video_icon":{"url_list":[],"uri":""},"youtube_channel_id":"","urge_detail":{"user_urged":0},"enterprise_user_info":"{\"commerce_info\":{\"offline_info_list\":[],\"challenge_list\":[]},\"homepage_bottom_toast\":[],\"permissions\":[{\"Id\":4,\"Key\":\"LiveShop\",\"Name\":\"直播电商\",\"AppId\":1128,\"Status\":1,\"Extra\":null,\"Customization\":null,\"Parent\":0},{\"Id\":3,\"Key\":\"ItemShop\",\"Name\":\"视频电商\",\"AppId\":1128,\"Status\":1,\"Extra\":null,\"Customization\":null,\"Parent\":0},{\"Id\":5,\"Key\":\"UserShop\",\"Name\":\"个人橱窗\",\"AppId\":1128,\"Status\":1,\"Extra\":null,\"Customization\":null,\"Parent\":0}]}","district":"","message_chat_entry":true,"aweme_count":382,"dongtai_count":391,"with_new_goods":false,"city":"上海","recommend_reason_relation":"","short_id":"67381969","is_gov_media_vip":false,"country":"中国","r_fans_group_info":{},"birthday_hide_level":1,"avatar_medium":{"uri":"fd0600056f95cfef7f00","url_list":["https://p6-dy-ipv6.byteimg.com/aweme/720x720/fd0600056f95cfef7f00.jpeg?from=4010531038","https://p26-dy.byteimg.com/aweme/720x720/fd0600056f95cfef7f00.jpeg?from=4010531038","https://p3-dy.byteimg.com/aweme/720x720/fd0600056f95cfef7f00.jpeg?from=4010531038"]},"follower_status":0,"cover_url":[{"uri":"2e1f30004438351b41608","url_list":["https://p3-dy.byteimg.com/obj/2e1f30004438351b41608?from=1247829622","https://p9-dy.byteimg.com/obj/2e1f30004438351b41608?from=1247829622","https://p6-dy-ipv6.byteimg.com/obj/2e1f30004438351b41608?from=1247829622"]},{"uri":"c8510002be9a3a61aad2","url_list":["https://p6-dy-ipv6.byteimg.com/obj/c8510002be9a3a61aad2?from=1247829622","https://p3-dy.byteimg.com/obj/c8510002be9a3a61aad2?from=1247829622","https://p9-dy.byteimg.com/obj/c8510002be9a3a61aad2?from=1247829622"]}],"avatar_thumb":{"uri":"fd0600056f95cfef7f00","url_list":["https://p9-dy-ipv6.byteimg.com/aweme/100x100/fd0600056f95cfef7f00.jpeg?from=4010531038","https://p26-dy.byteimg.com/aweme/100x100/fd0600056f95cfef7f00.jpeg?from=4010531038","https://p3-dy.byteimg.com/aweme/100x100/fd0600056f95cfef7f00.jpeg?from=4010531038"]},"with_commerce_entry":true,"sync_to_toutiao":1,"with_commerce_enterprise_tab_entry":false,"white_cover_url":[{"uri":"2e1f30004438351b41608","url_list":["https://p3-dy.byteimg.com/obj/2e1f30004438351b41608?from=1247829622","https://p9-dy.byteimg.com/obj/2e1f30004438351b41608?from=1247829622","https://p6-dy-ipv6.byteimg.com/obj/2e1f30004438351b41608?from=1247829622"]},{"uri":"318f1000413827e122102","url_list":["https://p3-dy.byteimg.com/obj/318f1000413827e122102?from=1247829622","https://p29-dy.byteimg.com/obj/318f1000413827e122102?from=1247829622","https://p9-dy.byteimg.com/obj/318f1000413827e122102?from=1247829622"]}],"twitter_name":"","profile_tab_type":0,"avatar_300x300":{"url_list":["https://p1-dy-ipv6.byteimg.com/img/fd0600056f95cfef7f00~c5_300x300.webp?from=4010531038","https://p3-dy.byteimg.com/img/fd0600056f95cfef7f00~c5_300x300.webp?from=4010531038","https://p6-dy-ipv6.byteimg.com/img/fd0600056f95cfef7f00~c5_300x300.webp?from=4010531038"],"uri":"fd0600056f95cfef7f00"},"is_blocked":false},"extra":{"now":1595171058000},"log_pb":{"impr_id":"202007192304180100120250221700DAEA"},"status_code":0}
