{"status_code":0,"user":{"youtube_channel_id":"","message_chat_entry":true,"uid":"104010244582","follow_status":1,"favoriting_count":1,"mplatform_followers_count":6087804,"avatar_medium":{"uri":"31b4f00009a4dbdc61fe3","url_list":["https://p3-dy.byteimg.com/aweme/720x720/31b4f00009a4dbdc61fe3.jpeg?from=4010531038","https://p29-dy.byteimg.com/aweme/720x720/31b4f00009a4dbdc61fe3.jpeg?from=4010531038","https://p9-dy.byteimg.com/aweme/720x720/31b4f00009a4dbdc61fe3.jpeg?from=4010531038"]},"enterprise_user_info":"{\"commerce_info\":{\"offline_info_list\":[],\"challenge_list\":[]},\"homepage_bottom_toast\":[],\"permissions\":[{\"Id\":5,\"Key\":\"UserShop\",\"Name\":\"个人橱窗\",\"AppId\":1128,\"Status\":1,\"Extra\":null,\"Customization\":null,\"Parent\":0},{\"Id\":3,\"Key\":\"ItemShop\",\"Name\":\"视频电商\",\"AppId\":1128,\"Status\":1,\"Extra\":null,\"Customization\":null,\"Parent\":0},{\"Id\":4,\"Key\":\"LiveShop\",\"Name\":\"直播电商\",\"AppId\":1128,\"Status\":1,\"Extra\":null,\"Customization\":null,\"Parent\":0}]}","avatar_168x168":{"uri":"31b4f00009a4dbdc61fe3","url_list":["https://p26-dy.byteimg.com/img/31b4f00009a4dbdc61fe3~c5_168x168.webp?from=4010531038","https://p29-dy.byteimg.com/img/31b4f00009a4dbdc61fe3~c5_168x168.webp?from=4010531038","https://p9-dy.byteimg.com/img/31b4f00009a4dbdc61fe3~c5_168x168.webp?from=4010531038"]},"youtube_channel_title":"","apple_account":0,"twitter_name":"","province":"四川","signature_language":"zh","video_cover":{},"signature":"苹果原置测评 无美颜无滤镜\n🧣：是个温精灵","avatar_thumb":{"uri":"31b4f00009a4dbdc61fe3","url_list":["https://p9-dy.byteimg.com/aweme/100x100/31b4f00009a4dbdc61fe3.jpeg?from=4010531038","https://p6-dy-ipv6.byteimg.com/aweme/100x100/31b4f00009a4dbdc61fe3.jpeg?from=4010531038","https://p3-dy.byteimg.com/aweme/100x100/31b4f00009a4dbdc61fe3.jpeg?from=4010531038"]},"city":"成都","with_commerce_enterprise_tab_entry":false,"is_blocked":false,"shop_micro_app":"","commerce_user_level":0,"commerce_info":{"offline_info_list":[],"challenge_list":[]},"video_icon":{"url_list":[],"uri":""},"live_commerce":true,"is_star":false,"avatar_300x300":{"uri":"31b4f00009a4dbdc61fe3","url_list":["https://p9-dy.byteimg.com/img/31b4f00009a4dbdc61fe3~c5_300x300.webp?from=4010531038","https://p3-dy.byteimg.com/img/31b4f00009a4dbdc61fe3~c5_300x300.webp?from=4010531038","https://p26-dy.byteimg.com/img/31b4f00009a4dbdc61fe3~c5_300x300.webp?from=4010531038"]},"commerce_user_info":{"star_atlas":1,"show_star_atlas_cooperation":false,"has_ads_entry":false,"ad_revenue_rits":null},"is_effect_artist":false,"life_story_block":{"life_story_block":false},"birthday_hide_level":0,"is_block":false,"share_info":{"share_weibo_desc":" ","share_desc":"在抖音，记录美好生活！","share_title":"快来加入抖音，让你发现最有趣的我！","share_qrcode_url":{"uri":"bded001e7ca5c4776ea5","url_list":["https://p3-dy-ipv6.byteimg.com/obj/bded001e7ca5c4776ea5","https://p9-dy.byteimg.com/obj/bded001e7ca5c4776ea5","https://p6-dy-ipv6.byteimg.com/obj/bded001e7ca5c4776ea5"]},"share_image_url":{"url_list":null},"bool_persist":1,"share_url":"www.iesdouyin.com/share/user/104010244582?u_code=1jf98imk4c1b&sec_uid=MS4wLjABAAAA6VCj7eXLSO49vX8Fi5BBgLCvhVFv4FOACsBZUfCHd50"},"verification_type":0,"recommend_reason_relation":"","total_favorited":45263747,"original_musician":{"music_count":0,"music_used_count":0,"digg_count":0},"sec_uid":"MS4wLjABAAAA6VCj7eXLSO49vX8Fi5BBgLCvhVFv4FOACsBZUfCHd50","white_cover_url":[{"uri":"31a970003518a5c584375","url_list":["https://p6-dy-ipv6.byteimg.com/obj/31a970003518a5c584375?from=1247829622","https://p26-dy.byteimg.com/obj/31a970003518a5c584375?from=1247829622","https://p9-dy.byteimg.com/obj/31a970003518a5c584375?from=1247829622"]},{"uri":"318f1000413827e122102","url_list":["https://p3-dy.byteimg.com/obj/318f1000413827e122102?from=1247829622","https://p9-dy.byteimg.com/obj/318f1000413827e122102?from=1247829622","https://p29-dy.byteimg.com/obj/318f1000413827e122102?from=1247829622"]}],"unique_id":"","followers_detail":[{"app_name":"aweme","name":"抖音","icon":"http://p3.pstatp.com/origin/50ec00079b64de2050dc","fans_count":6087804,"open_url":"snssdk1128://user/profile/104010244582?","apple_id":"1142110895","download_url":"https://d.douyin.com/JsvN/","package_name":"com.ss.android.ugc.aweme"},{"fans_count":0,"open_url":"snssdk143://profile?uid=0","apple_id":"529092160","download_url":"https://d.toutiao.com/YjjY/","package_name":"com.ss.android.article.news","app_name":"news_article","name":"头条","icon":"http://p3.pstatp.com/origin/50ed00079a1b6b8d1fb1"},{"name":"抖音火山版","icon":"http://p3.pstatp.com/origin/2ea5c000abe106154adef","fans_count":0,"open_url":"snssdk1112://profile?id=0","apple_id":"1086047750","download_url":"http://d.huoshanzhibo.com/eFvB/","package_name":"com.ss.android.ugc.live","app_name":"live_stream"}],"is_gov_media_vip":false,"tab_settings":{"private_tab":{"show_private_tab":false,"private_tab_style":1}},"is_activity_user":false,"birthday":"1997-01-01","secret":0,"follower_status":0,"country":"中国","gender":2,"with_commerce_entry":true,"enterprise_verify_reason":"","with_new_goods":false,"custom_verify":"","cover_url":[{"uri":"31a970003518a5c584375","url_list":["https://p6-dy-ipv6.byteimg.com/obj/31a970003518a5c584375?from=1247829622","https://p26-dy.byteimg.com/obj/31a970003518a5c584375?from=1247829622","https://p9-dy.byteimg.com/obj/31a970003518a5c584375?from=1247829622"]},{"url_list":["https://p6-dy-ipv6.byteimg.com/obj/c8510002be9a3a61aad2?from=1247829622","https://p3-dy.byteimg.com/obj/c8510002be9a3a61aad2?from=1247829622","https://p9-dy.byteimg.com/obj/c8510002be9a3a61aad2?from=1247829622"],"uri":"c8510002be9a3a61aad2"}],"watch_status":false,"r_fans_group_info":{},"nickname":"温仙女","avatar_larger":{"uri":"31b4f00009a4dbdc61fe3","url_list":["https://p3-dy.byteimg.com/aweme/1080x1080/31b4f00009a4dbdc61fe3.jpeg?from=4010531038","https://p26-dy.byteimg.com/aweme/1080x1080/31b4f00009a4dbdc61fe3.jpeg?from=4010531038","https://p29-dy.byteimg.com/aweme/1080x1080/31b4f00009a4dbdc61fe3.jpeg?from=4010531038"]},"following_count":1,"follower_count":6087804,"show_favorite_list":true,"aweme_count":150,"sync_to_toutiao":0,"forward_count":1,"room_id":0,"ins_id":"","district":"武侯","recommend_user_reason_source":0,"with_fusion_shop_entry":true,"twitter_id":"","urge_detail":{"user_urged":0},"short_id":"1486818558","dongtai_count":151,"profile_tab_type":0},"extra":{"now":1594913437000},"log_pb":{"impr_id":"20200716233037010008043095093CA3A2"}}
