{"status_code":0,"user":{"ins_id":"","is_effect_artist":false,"life_story_block":{"life_story_block":false},"avatar_168x168":{"uri":"30f3e00068a675f37aa39","url_list":["https://p1-dy-ipv6.byteimg.com/img/30f3e00068a675f37aa39~c5_168x168.webp?from=4010531038","https://p9-dy.byteimg.com/img/30f3e00068a675f37aa39~c5_168x168.webp?from=4010531038","https://p26-dy.byteimg.com/img/30f3e00068a675f37aa39~c5_168x168.webp?from=4010531038"]},"tab_settings":{"private_tab":{"show_private_tab":false,"private_tab_style":1}},"is_activity_user":false,"uid":"58320846298","room_id":6850098760467352334,"original_musician":{"music_count":0,"music_used_count":0,"digg_count":0},"twitter_id":"","sec_uid":"MS4wLjABAAAAN_qJRcU790EiLEImPaOkCMsgZkm40aC7o5JzRho-wUw","general_permission":{"following_follower_list_toast":1},"show_favorite_list":true,"birthday":"1996-01-01","total_favorited":893269,"forward_count":0,"mplatform_followers_count":472711,"youtube_channel_title":"","recommend_user_reason_source":0,"room_data":"","message_chat_entry":true,"location":"珠海","follower_count":337861,"district":"","dongtai_count":141,"with_new_goods":false,"r_fans_group_info":{},"avatar_300x300":{"uri":"30f3e00068a675f37aa39","url_list":["https://p6-dy-ipv6.byteimg.com/img/30f3e00068a675f37aa39~c5_300x300.webp?from=4010531038","https://p3-dy.byteimg.com/img/30f3e00068a675f37aa39~c5_300x300.webp?from=4010531038","https://p9-dy.byteimg.com/img/30f3e00068a675f37aa39~c5_300x300.webp?from=4010531038"]},"signature_language":"zh","white_cover_url":[{"uri":"31886000d6f48bda00b50","url_list":["https://p1-dy.byteimg.com/obj/31886000d6f48bda00b50?from=1247829622","https://p3-dy.byteimg.com/obj/31886000d6f48bda00b50?from=1247829622","https://p6-dy-ipv6.byteimg.com/obj/31886000d6f48bda00b50?from=1247829622"]},{"uri":"318f1000413827e122102","url_list":["https://p26-dy.byteimg.com/obj/318f1000413827e122102?from=1247829622","https://p6-dy-ipv6.byteimg.com/obj/318f1000413827e122102?from=1247829622","https://p9-dy.byteimg.com/obj/318f1000413827e122102?from=1247829622"]}],"aweme_count":141,"unique_id":"","avatar_medium":{"uri":"30f3e00068a675f37aa39","url_list":["https://p6-dy-ipv6.byteimg.com/aweme/720x720/30f3e00068a675f37aa39.jpeg?from=4010531038","https://p1-dy.byteimg.com/aweme/720x720/30f3e00068a675f37aa39.jpeg?from=4010531038","https://p26-dy.byteimg.com/aweme/720x720/30f3e00068a675f37aa39.jpeg?from=4010531038"]},"follow_status":1,"video_icon":{"uri":"","url_list":[]},"iso_country_code":"CN","urge_detail":{"user_urged":0},"signature":"⭐接商业推广\n❤️每天直播时间21点～凌晨3点\n春暖花开，春回雁来，我寄清风入君怀，感谢您的支持","avatar_thumb":{"uri":"30f3e00068a675f37aa39","url_list":["https://p3-dy-ipv6.byteimg.com/aweme/100x100/30f3e00068a675f37aa39.jpeg?from=4010531038","https://p1-dy.byteimg.com/aweme/100x100/30f3e00068a675f37aa39.jpeg?from=4010531038","https://p26-dy.byteimg.com/aweme/100x100/30f3e00068a675f37aa39.jpeg?from=4010531038"]},"with_fusion_shop_entry":true,"city":"珠海","short_id":"5057926","is_block":false,"enterprise_verify_reason":"","profile_tab_type":0,"commerce_user_info":{"show_star_atlas_cooperation":false,"has_ads_entry":true,"ad_revenue_rits":null,"star_atlas":1},"birthday_hide_level":0,"video_cover":{},"gender":2,"favoriting_count":10154,"verification_type":0,"follower_status":0,"country":"中国","is_blocked":false,"avatar_larger":{"uri":"30f3e00068a675f37aa39","url_list":["https://p9-dy.byteimg.com/aweme/1080x1080/30f3e00068a675f37aa39.jpeg?from=4010531038","https://p3-dy.byteimg.com/aweme/1080x1080/30f3e00068a675f37aa39.jpeg?from=4010531038","https://p29-dy.byteimg.com/aweme/1080x1080/30f3e00068a675f37aa39.jpeg?from=4010531038"]},"following_count":898,"youtube_channel_id":"","apple_account":0,"twitter_name":"","province":"广东","recommend_reason_relation":"","with_commerce_enterprise_tab_entry":false,"nickname":"罗甜甜","followers_detail":[{"app_name":"aweme","name":"抖音","icon":"http://p3.pstatp.com/origin/50ec00079b64de2050dc","fans_count":337861,"open_url":"snssdk1128://user/profile/58320846298?","apple_id":"1142110895","download_url":"https://d.douyin.com/JsvN/","package_name":"com.ss.android.ugc.aweme"},{"name":"头条","icon":"http://p3.pstatp.com/origin/50ed00079a1b6b8d1fb1","fans_count":4733,"open_url":"snssdk143://profile?uid=5433623966","apple_id":"529092160","download_url":"https://d.toutiao.com/YjjY/","package_name":"com.ss.android.article.news","app_name":"news_article"},{"app_name":"live_stream","name":"抖音火山版","icon":"http://p3.pstatp.com/origin/2ea5c000abe106154adef","fans_count":130117,"open_url":"snssdk1112://profile?id=2546083436707255","apple_id":"1086047750","download_url":"http://d.huoshanzhibo.com/eFvB/","package_name":"com.ss.android.ugc.live"}],"commerce_info":{"offline_info_list":[],"challenge_list":[]},"school_name":"南华大学","share_info":{"share_weibo_desc":" ","share_desc":"在抖音，记录美好生活！","share_title":"快来加入抖音，让你发现最有趣的我！","share_qrcode_url":{"uri":"216a005380ad49cca7d1","url_list":["https://p3-dy-ipv6.byteimg.com/obj/216a005380ad49cca7d1","https://p9-dy.byteimg.com/obj/216a005380ad49cca7d1","https://p6-dy-ipv6.byteimg.com/obj/216a005380ad49cca7d1"]},"share_image_url":{"url_list":null},"bool_persist":1,"share_url":"www.iesdouyin.com/share/user/58320846298?u_code=1jf98imk4c1b&sec_uid=MS4wLjABAAAAN_qJRcU790EiLEImPaOkCMsgZkm40aC7o5JzRho-wUw"},"watch_status":false,"is_star":false,"sync_to_toutiao":1,"cover_url":[{"uri":"31886000d6f48bda00b50","url_list":["https://p1-dy.byteimg.com/obj/31886000d6f48bda00b50?from=1247829622","https://p3-dy.byteimg.com/obj/31886000d6f48bda00b50?from=1247829622","https://p6-dy-ipv6.byteimg.com/obj/31886000d6f48bda00b50?from=1247829622"]},{"uri":"c8510002be9a3a61aad2","url_list":["https://p3-dy.byteimg.com/obj/c8510002be9a3a61aad2?from=1247829622","https://p29-dy.byteimg.com/obj/c8510002be9a3a61aad2?from=1247829622","https://p9-dy.byteimg.com/obj/c8510002be9a3a61aad2?from=1247829622"]}],"anchor_info":{"scheduled_master_switch":false,"scheduled_profile_switch":true,"scheduled_time_text":"今天22:30"},"is_gov_media_vip":false,"shop_micro_app":"","enterprise_user_info":"{\"commerce_info\":{\"offline_info_list\":[],\"challenge_list\":[]},\"homepage_bottom_toast\":[],\"permissions\":[{\"Id\":3,\"Key\":\"ItemShop\",\"Name\":\"视频电商\",\"AppId\":1128,\"Status\":1,\"Extra\":null,\"Customization\":null,\"Parent\":0},{\"Id\":5,\"Key\":\"UserShop\",\"Name\":\"个人橱窗\",\"AppId\":1128,\"Status\":1,\"Extra\":null,\"Customization\":null,\"Parent\":0},{\"Id\":4,\"Key\":\"LiveShop\",\"Name\":\"直播电商\",\"AppId\":1128,\"Status\":1,\"Extra\":null,\"Customization\":null,\"Parent\":0}]}","with_commerce_entry":true,"live_commerce":true,"secret":0,"custom_verify":"","commerce_user_level":0},"extra":{"now":1594913455000},"log_pb":{"impr_id":"202007162330550100140470861D3D2EE0"}}
