{"status_code":0,"user":{"dongtai_count":412,"tab_settings":{"private_tab":{"show_private_tab":false,"private_tab_style":1}},"show_favorite_list":true,"youtube_channel_title":"","youtube_channel_id":"","country":"中国","urge_detail":{"user_urged":0},"is_activity_user":false,"is_block":false,"is_gov_media_vip":false,"live_commerce":true,"aweme_count":410,"birthday_hide_level":0,"video_cover":{},"recommend_user_reason_source":0,"unique_id":"","video_icon":{"uri":"","url_list":[]},"ins_id":"","twitter_name":"","follower_status":0,"signature_language":"zh","with_commerce_entry":true,"commerce_info":{"offline_info_list":[],"challenge_list":[]},"life_story_block":{"life_story_block":false},"with_commerce_enterprise_tab_entry":false,"followers_detail":[{"download_url":"https://d.douyin.com/JsvN/","package_name":"com.ss.android.ugc.aweme","app_name":"aweme","name":"抖音","icon":"http://p3.pstatp.com/origin/50ec00079b64de2050dc","fans_count":43671020,"open_url":"snssdk1128://user/profile/81939158402?","apple_id":"1142110895"},{"app_name":"news_article","name":"头条","icon":"http://p3.pstatp.com/origin/50ed00079a1b6b8d1fb1","fans_count":0,"open_url":"snssdk143://profile?uid=0","apple_id":"529092160","download_url":"https://d.toutiao.com/YjjY/","package_name":"com.ss.android.article.news"},{"fans_count":0,"open_url":"snssdk1112://profile?id=0","apple_id":"1086047750","download_url":"http://d.huoshanzhibo.com/eFvB/","package_name":"com.ss.android.ugc.live","app_name":"live_stream","name":"抖音火山版","icon":"http://p3.pstatp.com/origin/2ea5c000abe106154adef"}],"favoriting_count":110,"total_favorited":281012541,"school_name":"","verification_type":1,"twitter_id":"","profile_tab_type":0,"is_star":false,"avatar_medium":{"uri":"2dd6d0000536fbff618c2","url_list":["https://p9-dy.byteimg.com/aweme/720x720/2dd6d0000536fbff618c2.jpeg?from=4010531038","https://p26-dy.byteimg.com/aweme/720x720/2dd6d0000536fbff618c2.jpeg?from=4010531038","https://p6-dy-ipv6.byteimg.com/aweme/720x720/2dd6d0000536fbff618c2.jpeg?from=4010531038"]},"enterprise_user_info":"{\"commerce_info\":{\"offline_info_list\":[],\"challenge_list\":[]},\"homepage_bottom_toast\":[],\"permissions\":[{\"Id\":4,\"Key\":\"LiveShop\",\"Name\":\"直播电商\",\"AppId\":1128,\"Status\":1,\"Extra\":null,\"Customization\":null,\"Parent\":0},{\"Id\":5,\"Key\":\"UserShop\",\"Name\":\"个人橱窗\",\"AppId\":1128,\"Status\":1,\"Extra\":null,\"Customization\":null,\"Parent\":0},{\"Id\":3,\"Key\":\"ItemShop\",\"Name\":\"视频电商\",\"AppId\":1128,\"Status\":1,\"Extra\":null,\"Customization\":null,\"Parent\":0}]}","district":"","is_effect_artist":false,"cover_url":[{"uri":"31b1900025013922ca84e","url_list":["https://p6-dy-ipv6.byteimg.com/obj/31b1900025013922ca84e?from=1247829622","https://p9-dy.byteimg.com/obj/31b1900025013922ca84e?from=1247829622","https://p29-dy.byteimg.com/obj/31b1900025013922ca84e?from=1247829622"]},{"uri":"c8510002be9a3a61aad2","url_list":["https://p29-dy.byteimg.com/obj/c8510002be9a3a61aad2?from=1247829622","https://p3-dy.byteimg.com/obj/c8510002be9a3a61aad2?from=1247829622","https://p26-dy.byteimg.com/obj/c8510002be9a3a61aad2?from=1247829622"]}],"nickname":"李佳琦Austin","avatar_thumb":{"uri":"2dd6d0000536fbff618c2","url_list":["https://p26-dy.byteimg.com/aweme/100x100/2dd6d0000536fbff618c2.jpeg?from=4010531038","https://p3-dy.byteimg.com/aweme/100x100/2dd6d0000536fbff618c2.jpeg?from=4010531038","https://p6-dy-ipv6.byteimg.com/aweme/100x100/2dd6d0000536fbff618c2.jpeg?from=4010531038"]},"mplatform_followers_count":43671020,"recommend_reason_relation":"","sec_uid":"MS4wLjABAAAADPmcyqr3M1ZUMAq245VLQ_E2LaE0rwoH0QEVNJfoq2A","short_id":"166902759","avatar_larger":{"uri":"2dd6d0000536fbff618c2","url_list":["https://p6-dy-ipv6.byteimg.com/aweme/1080x1080/2dd6d0000536fbff618c2.jpeg?from=4010531038","https://p9-dy.byteimg.com/aweme/1080x1080/2dd6d0000536fbff618c2.jpeg?from=4010531038","https://p3-dy.byteimg.com/aweme/1080x1080/2dd6d0000536fbff618c2.jpeg?from=4010531038"]},"following_count":5,"enterprise_verify_reason":"","secret":0,"with_fusion_shop_entry":true,"is_blocked":false,"forward_count":2,"uid":"81939158402","apple_account":0,"with_new_goods":false,"original_musician":{"music_count":0,"music_used_count":0,"digg_count":0},"custom_verify":"","share_info":{"share_image_url":{"url_list":null},"bool_persist":1,"share_url":"www.iesdouyin.com/share/user/81939158402?u_code=1jf98imk4c1b&sec_uid=MS4wLjABAAAADPmcyqr3M1ZUMAq245VLQ_E2LaE0rwoH0QEVNJfoq2A","share_weibo_desc":" ","share_desc":"在抖音，记录美好生活！","share_title":"快来加入抖音，让你发现最有趣的我！","share_qrcode_url":{"uri":"508f002239d6826ae77a","url_list":["https://p3-dy-ipv6.byteimg.com/obj/508f002239d6826ae77a","https://p9-dy.byteimg.com/obj/508f002239d6826ae77a","https://p29-dy.byteimg.com/obj/508f002239d6826ae77a"]}},"sync_to_toutiao":0,"city":"上海","avatar_300x300":{"url_list":["https://p26-dy.byteimg.com/img/2dd6d0000536fbff618c2~c5_300x300.webp?from=4010531038","https://p3-dy.byteimg.com/img/2dd6d0000536fbff618c2~c5_300x300.webp?from=4010531038","https://p6-dy-ipv6.byteimg.com/img/2dd6d0000536fbff618c2~c5_300x300.webp?from=4010531038"],"uri":"2dd6d0000536fbff618c2"},"birthday":"1992-01-01","follow_status":1,"room_id":0,"r_fans_group_info":{},"commerce_user_info":{"star_atlas":1,"show_star_atlas_cooperation":true,"has_ads_entry":false,"ad_revenue_rits":null},"white_cover_url":[{"uri":"31b1900025013922ca84e","url_list":["https://p6-dy-ipv6.byteimg.com/obj/31b1900025013922ca84e?from=1247829622","https://p9-dy.byteimg.com/obj/31b1900025013922ca84e?from=1247829622","https://p29-dy.byteimg.com/obj/31b1900025013922ca84e?from=1247829622"]},{"uri":"318f1000413827e122102","url_list":["https://p6-dy-ipv6.byteimg.com/obj/318f1000413827e122102?from=1247829622","https://p9-dy.byteimg.com/obj/318f1000413827e122102?from=1247829622","https://p3-dy.byteimg.com/obj/318f1000413827e122102?from=1247829622"]}],"signature":"涂口红世界纪录保持者 战胜马云的口红一哥\n关注vx：李佳琦Austin","shop_micro_app":"","gender":1,"commerce_user_level":0,"province":"上海","watch_status":false,"avatar_168x168":{"uri":"2dd6d0000536fbff618c2","url_list":["https://p26-dy.byteimg.com/img/2dd6d0000536fbff618c2~c5_168x168.webp?from=4010531038","https://p9-dy.byteimg.com/img/2dd6d0000536fbff618c2~c5_168x168.webp?from=4010531038","https://p6-dy-ipv6.byteimg.com/img/2dd6d0000536fbff618c2~c5_168x168.webp?from=4010531038"]},"message_chat_entry":true,"follower_count":43671020},"extra":{"now":1595079274000},"log_pb":{"impr_id":"2020071821343401000806814308EE8558"}}
