{"status_code":0,"user":{"follower_status":0,"favoriting_count":403,"twitter_name":"","follower_count":518674,"avatar_300x300":{"url_list":["https://p3-dy-ipv6.byteimg.com/img/30ee300037180fa1a3820~c5_300x300.webp?from=4010531038","https://p26-dy.byteimg.com/img/30ee300037180fa1a3820~c5_300x300.webp?from=4010531038","https://p6-dy-ipv6.byteimg.com/img/30ee300037180fa1a3820~c5_300x300.webp?from=4010531038"],"uri":"30ee300037180fa1a3820"},"with_fusion_shop_entry":true,"with_new_goods":false,"tab_settings":{"private_tab":{"show_private_tab":false,"private_tab_style":1}},"is_activity_user":false,"enterprise_user_info":"{\"commerce_info\":{\"offline_info_list\":[],\"challenge_list\":[]},\"homepage_bottom_toast\":[],\"permissions\":[{\"Id\":3,\"Key\":\"ItemShop\",\"Name\":\"视频电商\",\"AppId\":1128,\"Status\":1,\"Extra\":null,\"Customization\":null,\"Parent\":0},{\"Id\":5,\"Key\":\"UserShop\",\"Name\":\"个人橱窗\",\"AppId\":1128,\"Status\":1,\"Extra\":null,\"Customization\":null,\"Parent\":0},{\"Id\":81,\"Key\":\"Enterprise\",\"Name\":\"企业权限标识\",\"AppId\":1128,\"Status\":1,\"Extra\":null,\"Customization\":null,\"Parent\":0},{\"Id\":4,\"Key\":\"LiveShop\",\"Name\":\"直播电商\",\"AppId\":1128,\"Status\":1,\"Extra\":null,\"Customization\":null,\"Parent\":0}]}","birthday":"1998-01-01","apple_account":0,"commerce_info":{"offline_info_list":[],"challenge_list":[]},"district":"","is_effect_artist":false,"recommend_user_reason_source":0,"white_cover_url":[{"uri":"2d1610001212f8e7ccc73","url_list":["https://p6-dy-ipv6.byteimg.com/obj/2d1610001212f8e7ccc73?from=1247829622","https://p29-dy.byteimg.com/obj/2d1610001212f8e7ccc73?from=1247829622","https://p3-dy.byteimg.com/obj/2d1610001212f8e7ccc73?from=1247829622"]},{"url_list":["https://p9-dy-ipv6.byteimg.com/obj/318f1000413827e122102?from=1247829622","https://p3-dy.byteimg.com/obj/318f1000413827e122102?from=1247829622","https://p26-dy.byteimg.com/obj/318f1000413827e122102?from=1247829622"],"uri":"318f1000413827e122102"}],"short_id":"0","avatar_thumb":{"uri":"30ee300037180fa1a3820","url_list":["https://p9-dy-ipv6.byteimg.com/aweme/100x100/30ee300037180fa1a3820.jpeg?from=4010531038","https://p6-dy-ipv6.byteimg.com/aweme/100x100/30ee300037180fa1a3820.jpeg?from=4010531038","https://p3-dy.byteimg.com/aweme/100x100/30ee300037180fa1a3820.jpeg?from=4010531038"]},"commerce_user_info":{"star_atlas":1,"show_star_atlas_cooperation":true,"has_ads_entry":true,"ad_revenue_rits":null},"share_info":{"share_url":"www.iesdouyin.com/share/user/2774774354809566?u_code=1jf98imk4c1b&sec_uid=MS4wLjABAAAAEHOngzwEpo9en_Gnh0r8t1hkkCY0IOiNwxSEXLVZhUkAYwcUxF4vzxlnZLcyL0VQ","share_weibo_desc":" ","share_desc":"在抖音，记录美好生活！","share_title":"快来加入抖音，让你发现最有趣的我！","share_qrcode_url":{"uri":"2d004000101d73d33eb72","url_list":["https://p9-dy-ipv6.byteimg.com/obj/2d004000101d73d33eb72","https://p3-dy.byteimg.com/obj/2d004000101d73d33eb72","https://p26-dy.byteimg.com/obj/2d004000101d73d33eb72"]},"share_image_url":{"url_list":null},"bool_persist":1},"sync_to_toutiao":0,"recommend_reason_relation":"","urge_detail":{"user_urged":0},"aweme_count":77,"province":"浙江","sec_uid":"MS4wLjABAAAAEHOngzwEpo9en_Gnh0r8t1hkkCY0IOiNwxSEXLVZhUkAYwcUxF4vzxlnZLcyL0VQ","school_name":"","shop_micro_app":"","followers_detail":[{"apple_id":"1142110895","download_url":"https://d.douyin.com/JsvN/","package_name":"com.ss.android.ugc.aweme","app_name":"aweme","name":"抖音","icon":"http://p3.pstatp.com/origin/50ec00079b64de2050dc","fans_count":518674,"open_url":"snssdk1128://user/profile/2774774354809566?"},{"name":"头条","icon":"http://p3.pstatp.com/origin/50ed00079a1b6b8d1fb1","fans_count":0,"open_url":"snssdk143://profile?uid=0","apple_id":"529092160","download_url":"https://d.toutiao.com/YjjY/","package_name":"com.ss.android.article.news","app_name":"news_article"},{"open_url":"snssdk1112://profile?id=0","apple_id":"1086047750","download_url":"http://d.huoshanzhibo.com/eFvB/","package_name":"com.ss.android.ugc.live","app_name":"live_stream","name":"抖音火山版","icon":"http://p3.pstatp.com/origin/2ea5c000abe106154adef","fans_count":0}],"life_story_block":{"life_story_block":false},"custom_verify":"","enterprise_verify_reason":"","is_block":false,"room_id":0,"video_cover":{},"avatar_larger":{"uri":"30ee300037180fa1a3820","url_list":["https://p9-dy.byteimg.com/aweme/1080x1080/30ee300037180fa1a3820.jpeg?from=4010531038","https://p6-dy-ipv6.byteimg.com/aweme/1080x1080/30ee300037180fa1a3820.jpeg?from=4010531038","https://p3-dy.byteimg.com/aweme/1080x1080/30ee300037180fa1a3820.jpeg?from=4010531038"]},"following_count":10,"youtube_channel_title":"","r_fans_group_info":{},"location":"杭州","video_icon":{"url_list":[],"uri":""},"youtube_channel_id":"","unique_id":"dywdnzg6pbaj","verification_type":0,"original_musician":{"music_count":0,"music_used_count":0,"digg_count":0},"secret":0,"ins_id":"","live_commerce":true,"nickname":"宵夜大哥","total_favorited":5157170,"city":"杭州","with_commerce_enterprise_tab_entry":false,"is_gov_media_vip":false,"watch_status":false,"is_blocked":false,"profile_tab_type":0,"avatar_168x168":{"uri":"30ee300037180fa1a3820","url_list":["https://p3-dy.byteimg.com/img/30ee300037180fa1a3820~c5_168x168.webp?from=4010531038","https://p26-dy.byteimg.com/img/30ee300037180fa1a3820~c5_168x168.webp?from=4010531038","https://p29-dy.byteimg.com/img/30ee300037180fa1a3820~c5_168x168.webp?from=4010531038"]},"commerce_user_level":0,"twitter_id":"","dongtai_count":92,"birthday_hide_level":0,"commerce_permissions":{"enterprise":1},"message_chat_entry":true,"gender":2,"avatar_medium":{"uri":"30ee300037180fa1a3820","url_list":["https://p6-dy-ipv6.byteimg.com/aweme/720x720/30ee300037180fa1a3820.jpeg?from=4010531038","https://p9-dy.byteimg.com/aweme/720x720/30ee300037180fa1a3820.jpeg?from=4010531038","https://p3-dy.byteimg.com/aweme/720x720/30ee300037180fa1a3820.jpeg?from=4010531038"]},"with_commerce_entry":true,"country":"中国","cover_url":[{"uri":"2d1610001212f8e7ccc73","url_list":["https://p6-dy-ipv6.byteimg.com/obj/2d1610001212f8e7ccc73?from=1247829622","https://p29-dy.byteimg.com/obj/2d1610001212f8e7ccc73?from=1247829622","https://p3-dy.byteimg.com/obj/2d1610001212f8e7ccc73?from=1247829622"]},{"uri":"c8510002be9a3a61aad2","url_list":["https://p9-dy.byteimg.com/obj/c8510002be9a3a61aad2?from=1247829622","https://p29-dy.byteimg.com/obj/c8510002be9a3a61aad2?from=1247829622","https://p26-dy.byteimg.com/obj/c8510002be9a3a61aad2?from=1247829622"]}],"iso_country_code":"","forward_count":15,"uid":"2774774354809566","signature":"大家好我是宵夜札札\n一个不入流的伪分享博主\nwb：宵夜大哥\n粉丝v：xiaoyezhazha02\n合作v：xyjh20190410","is_star":false,"signature_language":"zh","show_favorite_list":true,"follow_status":1,"mplatform_followers_count":518674},"extra":{"now":1594740846000},"log_pb":{"impr_id":"20200714233406010014046022204DE961"}}
