{"status_code":0,"user":{"cover_url":[{"uri":"tos-cn-i-0813/c44bf42f13c94c0584ebaade6209ac52","url_list":["https://p9-dy.byteimg.com/obj/tos-cn-i-0813/c44bf42f13c94c0584ebaade6209ac52?from=1247829622","https://p29-dy.byteimg.com/obj/tos-cn-i-0813/c44bf42f13c94c0584ebaade6209ac52?from=1247829622","https://p26-dy.byteimg.com/obj/tos-cn-i-0813/c44bf42f13c94c0584ebaade6209ac52?from=1247829622"]},{"uri":"c8510002be9a3a61aad2","url_list":["https://p6-dy-ipv6.byteimg.com/obj/c8510002be9a3a61aad2?from=1247829622","https://p29-dy.byteimg.com/obj/c8510002be9a3a61aad2?from=1247829622","https://p26-dy.byteimg.com/obj/c8510002be9a3a61aad2?from=1247829622"]}],"iso_country_code":"CN","short_id":"0","city":"南昌","location":"南昌","verification_type":0,"life_story_block":{"life_story_block":false},"shop_micro_app":"","general_permission":{"following_follower_list_toast":1},"birthday_hide_level":0,"enterprise_verify_reason":"","is_effect_artist":false,"video_cover":{},"uid":"1275064086696976","aweme_count":45,"school_name":"江西师范大学","recommend_reason_relation":"","is_star":false,"unique_id":"aganlaoshi","with_fusion_shop_entry":true,"twitter_id":"","is_gov_media_vip":false,"avatar_medium":{"uri":"3176c000af61ca861eff1","url_list":["https://p6-dy-ipv6.byteimg.com/aweme/720x720/3176c000af61ca861eff1.jpeg?from=4010531038","https://p9-dy.byteimg.com/aweme/720x720/3176c000af61ca861eff1.jpeg?from=4010531038","https://p3-dy.byteimg.com/aweme/720x720/3176c000af61ca861eff1.jpeg?from=4010531038"]},"share_info":{"bool_persist":1,"share_url":"www.iesdouyin.com/share/user/1275064086696976?u_code=1jf98imk4c1b&sec_uid=MS4wLjABAAAA_OtNN7wYg9JJV_ovgBhNUvIX9BxIRLLNiMDSDS3EiQ1GWO-5emo3Bui6_8TJdedo","share_weibo_desc":" ","share_desc":"在抖音，记录美好生活！","share_title":"快来加入抖音，让你发现最有趣的我！","share_qrcode_url":{"uri":"316b6000127e88abed534","url_list":["https://p26-dy.byteimg.com/obj/316b6000127e88abed534","https://p6-dy-ipv6.byteimg.com/obj/316b6000127e88abed534","https://p9-dy.byteimg.com/obj/316b6000127e88abed534"]},"share_image_url":{"url_list":null}},"original_musician":{"music_count":0,"music_used_count":0,"digg_count":0},"youtube_channel_title":"","dongtai_count":120,"sec_uid":"MS4wLjABAAAA_OtNN7wYg9JJV_ovgBhNUvIX9BxIRLLNiMDSDS3EiQ1GWO-5emo3Bui6_8TJdedo","gender":1,"signature":"👆👆👆阿甘喜欢的书📖👆👆👆\n坚持每天分享经典图书内容\n爱读书 爱生活 正能量\n.\n商务V:agan191919\n阿甘特别爱看评论区","follower_count":502033,"room_id":0,"followers_detail":[{"name":"抖音","icon":"http://p3.pstatp.com/origin/50ec00079b64de2050dc","fans_count":502033,"open_url":"snssdk1128://user/profile/1275064086696976?","apple_id":"1142110895","download_url":"https://d.douyin.com/JsvN/","package_name":"com.ss.android.ugc.aweme","app_name":"aweme"},{"apple_id":"529092160","download_url":"https://d.toutiao.com/YjjY/","package_name":"com.ss.android.article.news","app_name":"news_article","name":"头条","icon":"http://p3.pstatp.com/origin/50ed00079a1b6b8d1fb1","fans_count":1839,"open_url":"snssdk143://profile?uid=2066730086040605"},{"icon":"http://p3.pstatp.com/origin/2ea5c000abe106154adef","fans_count":0,"open_url":"snssdk1112://profile?id=4054651121960999","apple_id":"1086047750","download_url":"http://d.huoshanzhibo.com/eFvB/","package_name":"com.ss.android.ugc.live","app_name":"live_stream","name":"抖音火山版"}],"province":"江西","forward_count":75,"total_favorited":2879862,"mplatform_followers_count":503872,"ins_id":"","country":"中国","avatar_168x168":{"uri":"3176c000af61ca861eff1","url_list":["https://p26-dy.byteimg.com/img/3176c000af61ca861eff1~c5_168x168.webp?from=4010531038","https://p9-dy.byteimg.com/img/3176c000af61ca861eff1~c5_168x168.webp?from=4010531038","https://p3-dy.byteimg.com/img/3176c000af61ca861eff1~c5_168x168.webp?from=4010531038"]},"show_favorite_list":true,"with_commerce_enterprise_tab_entry":false,"recommend_user_reason_source":0,"avatar_larger":{"uri":"3176c000af61ca861eff1","url_list":["https://p9-dy-ipv6.byteimg.com/aweme/1080x1080/3176c000af61ca861eff1.jpeg?from=4010531038","https://p6-dy-ipv6.byteimg.com/aweme/1080x1080/3176c000af61ca861eff1.jpeg?from=4010531038","https://p3-dy.byteimg.com/aweme/1080x1080/3176c000af61ca861eff1.jpeg?from=4010531038"]},"youtube_channel_id":"","with_new_goods":false,"district":"","profile_tab_type":0,"r_fans_group_info":{},"white_cover_url":[{"uri":"tos-cn-i-0813/c44bf42f13c94c0584ebaade6209ac52","url_list":["https://p9-dy.byteimg.com/obj/tos-cn-i-0813/c44bf42f13c94c0584ebaade6209ac52?from=1247829622","https://p29-dy.byteimg.com/obj/tos-cn-i-0813/c44bf42f13c94c0584ebaade6209ac52?from=1247829622","https://p26-dy.byteimg.com/obj/tos-cn-i-0813/c44bf42f13c94c0584ebaade6209ac52?from=1247829622"]},{"url_list":["https://p29-dy.byteimg.com/obj/318f1000413827e122102?from=1247829622","https://p26-dy.byteimg.com/obj/318f1000413827e122102?from=1247829622","https://p3-dy.byteimg.com/obj/318f1000413827e122102?from=1247829622"],"uri":"318f1000413827e122102"}],"enterprise_user_info":"{\"commerce_info\":{\"offline_info_list\":[],\"challenge_list\":[]},\"homepage_bottom_toast\":[],\"permissions\":[{\"Id\":3,\"Key\":\"ItemShop\",\"Name\":\"视频电商\",\"AppId\":1128,\"Status\":1,\"Extra\":null,\"Customization\":null,\"Parent\":0},{\"Id\":4,\"Key\":\"LiveShop\",\"Name\":\"直播电商\",\"AppId\":1128,\"Status\":1,\"Extra\":null,\"Customization\":null,\"Parent\":0},{\"Id\":5,\"Key\":\"UserShop\",\"Name\":\"个人橱窗\",\"AppId\":1128,\"Status\":1,\"Extra\":null,\"Customization\":null,\"Parent\":0}]}","follow_status":1,"following_count":58,"sync_to_toutiao":1,"is_blocked":false,"tab_settings":{"private_tab":{"show_private_tab":false,"private_tab_style":1}},"message_chat_entry":true,"birthday":"1981-01-01","is_block":false,"custom_verify":"","secret":0,"follower_status":0,"signature_language":"zh","commerce_user_info":{"star_atlas":1,"show_star_atlas_cooperation":true,"has_ads_entry":false,"ad_revenue_rits":null},"is_activity_user":false,"avatar_thumb":{"uri":"3176c000af61ca861eff1","url_list":["https://p9-dy-ipv6.byteimg.com/aweme/100x100/3176c000af61ca861eff1.jpeg?from=4010531038","https://p3-dy.byteimg.com/aweme/100x100/3176c000af61ca861eff1.jpeg?from=4010531038","https://p26-dy.byteimg.com/aweme/100x100/3176c000af61ca861eff1.jpeg?from=4010531038"]},"with_commerce_entry":true,"video_icon":{"uri":"","url_list":[]},"apple_account":0,"live_commerce":true,"watch_status":false,"nickname":"阿甘阅读会","commerce_user_level":0,"favoriting_count":118,"commerce_info":{"offline_info_list":[],"challenge_list":[]},"twitter_name":"","avatar_300x300":{"uri":"3176c000af61ca861eff1","url_list":["https://p1-dy-ipv6.byteimg.com/img/3176c000af61ca861eff1~c5_300x300.webp?from=4010531038","https://p3-dy.byteimg.com/img/3176c000af61ca861eff1~c5_300x300.webp?from=4010531038","https://p26-dy.byteimg.com/img/3176c000af61ca861eff1~c5_300x300.webp?from=4010531038"]},"urge_detail":{"user_urged":0}},"extra":{"now":1594714555000},"log_pb":{"impr_id":"202007141615550100140470832E047B84"}}
