{"user":{"apple_account":0,"province":"上海","white_cover_url":[{"uri":"2e1f30004438351b41608","url_list":["https://p9-dy.byteimg.com/obj/2e1f30004438351b41608?from=1247829622","https://p6-dy-ipv6.byteimg.com/obj/2e1f30004438351b41608?from=1247829622","https://p26-dy.byteimg.com/obj/2e1f30004438351b41608?from=1247829622"]},{"uri":"318f1000413827e122102","url_list":["https://p6-dy-ipv6.byteimg.com/obj/318f1000413827e122102?from=1247829622","https://p29-dy.byteimg.com/obj/318f1000413827e122102?from=1247829622","https://p3-dy.byteimg.com/obj/318f1000413827e122102?from=1247829622"]}],"share_info":{"share_title":"快来加入抖音，让你发现最有趣的我！","share_qrcode_url":{"uri":"330a002248cf8c260e94","url_list":["https://p29-dy.byteimg.com/obj/330a002248cf8c260e94","https://p9-dy.byteimg.com/obj/330a002248cf8c260e94","https://p1-dy.byteimg.com/obj/330a002248cf8c260e94"]},"share_image_url":{"url_list":null},"bool_persist":1,"share_url":"www.iesdouyin.com/share/user/67768544306?sec_uid=MS4wLjABAAAAvCRDvAM6FVQKyHqBGbspBtALMXo1P9JnhwTW2RGNark&u_code=1jf98imk4c1b","share_weibo_desc":" ","share_desc":"在抖音，记录美好生活！"},"verification_type":1,"video_icon":{"uri":"","url_list":[]},"profile_tab_type":0,"life_story_block":{"life_story_block":false},"custom_verify":"优质视频创作者","unique_id":"","is_block":false,"avatar_300x300":{"url_list":["https://p9-dy.byteimg.com/img/fd0600056f95cfef7f00~c5_300x300.webp?from=4010531038","https://p6-dy-ipv6.byteimg.com/img/fd0600056f95cfef7f00~c5_300x300.webp?from=4010531038","https://p29-dy.byteimg.com/img/fd0600056f95cfef7f00~c5_300x300.webp?from=4010531038"],"uri":"fd0600056f95cfef7f00"},"aweme_count":383,"follower_count":6660174,"recommend_user_reason_source":0,"birthday":"","follow_status":1,"ins_id":"","twitter_name":"","with_new_goods":false,"city":"上海","cover_url":[{"url_list":["https://p9-dy.byteimg.com/obj/2e1f30004438351b41608?from=1247829622","https://p6-dy-ipv6.byteimg.com/obj/2e1f30004438351b41608?from=1247829622","https://p26-dy.byteimg.com/obj/2e1f30004438351b41608?from=1247829622"],"uri":"2e1f30004438351b41608"},{"uri":"c8510002be9a3a61aad2","url_list":["https://p1-dy-ipv6.byteimg.com/obj/c8510002be9a3a61aad2?from=1247829622","https://p29-dy.byteimg.com/obj/c8510002be9a3a61aad2?from=1247829622","https://p3-dy.byteimg.com/obj/c8510002be9a3a61aad2?from=1247829622"]}],"nickname":"Pony朴惠敏","favoriting_count":6,"video_cover":{},"secret":0,"twitter_id":"","birthday_hide_level":1,"avatar_larger":{"uri":"fd0600056f95cfef7f00","url_list":["https://p3-dy-ipv6.byteimg.com/aweme/1080x1080/fd0600056f95cfef7f00.jpeg?from=4010531038","https://p26-dy.byteimg.com/aweme/1080x1080/fd0600056f95cfef7f00.jpeg?from=4010531038","https://p6-dy-ipv6.byteimg.com/aweme/1080x1080/fd0600056f95cfef7f00.jpeg?from=4010531038"]},"r_fans_group_info":{},"with_commerce_enterprise_tab_entry":false,"signature_language":"zh","sec_uid":"MS4wLjABAAAAvCRDvAM6FVQKyHqBGbspBtALMXo1P9JnhwTW2RGNark","signature":"全网6000W+粉丝、最全妆容教程\n工作邮箱：pony@nanjids.com","enterprise_verify_reason":"","avatar_thumb":{"url_list":["https://p6-dy-ipv6.byteimg.com/aweme/100x100/fd0600056f95cfef7f00.jpeg?from=4010531038","https://p9-dy.byteimg.com/aweme/100x100/fd0600056f95cfef7f00.jpeg?from=4010531038","https://p3-dy.byteimg.com/aweme/100x100/fd0600056f95cfef7f00.jpeg?from=4010531038"],"uri":"fd0600056f95cfef7f00"},"mplatform_followers_count":7323192,"followers_detail":[{"open_url":"snssdk1128://user/profile/67768544306?","apple_id":"1142110895","download_url":"https://d.douyin.com/JsvN/","package_name":"com.ss.android.ugc.aweme","app_name":"aweme","name":"抖音","icon":"http://p3.pstatp.com/origin/50ec00079b64de2050dc","fans_count":6660174},{"download_url":"https://d.toutiao.com/YjjY/","package_name":"com.ss.android.article.news","app_name":"news_article","name":"头条","icon":"http://p3.pstatp.com/origin/50ed00079a1b6b8d1fb1","fans_count":597816,"open_url":"snssdk143://profile?uid=51974848124","apple_id":"529092160"},{"package_name":"com.ss.android.ugc.live","app_name":"live_stream","name":"抖音火山版","icon":"http://p3.pstatp.com/origin/2ea5c000abe106154adef","fans_count":65202,"open_url":"snssdk1112://profile?id=4503667395914802","apple_id":"1086047750","download_url":"http://d.huoshanzhibo.com/eFvB/"}],"youtube_channel_id":"","with_fusion_shop_entry":true,"watch_status":false,"uid":"67768544306","gender":2,"avatar_168x168":{"uri":"fd0600056f95cfef7f00","url_list":["https://p3-dy.byteimg.com/img/fd0600056f95cfef7f00~c5_168x168.webp?from=4010531038","https://p9-dy.byteimg.com/img/fd0600056f95cfef7f00~c5_168x168.webp?from=4010531038","https://p6-dy-ipv6.byteimg.com/img/fd0600056f95cfef7f00~c5_168x168.webp?from=4010531038"]},"urge_detail":{"user_urged":0},"follower_status":0,"live_commerce":true,"is_effect_artist":false,"is_star":false,"avatar_medium":{"uri":"fd0600056f95cfef7f00","url_list":["https://p9-dy-ipv6.byteimg.com/aweme/720x720/fd0600056f95cfef7f00.jpeg?from=4010531038","https://p3-dy.byteimg.com/aweme/720x720/fd0600056f95cfef7f00.jpeg?from=4010531038","https://p6-dy-ipv6.byteimg.com/aweme/720x720/fd0600056f95cfef7f00.jpeg?from=4010531038"]},"with_commerce_entry":true,"youtube_channel_title":"","recommend_reason_relation":"","is_activity_user":false,"short_id":"67381969","original_musician":{"digg_count":0,"music_count":0,"music_used_count":0},"country":"中国","is_blocked":false,"commerce_user_info":{"star_atlas":1,"show_star_atlas_cooperation":true,"has_ads_entry":false,"ad_revenue_rits":null},"commerce_info":{"offline_info_list":[],"challenge_list":[]},"is_gov_media_vip":false,"total_favorited":26006160,"tab_settings":{"private_tab":{"private_tab_style":1,"show_private_tab":false}},"message_chat_entry":true,"forward_count":9,"following_count":1,"sync_to_toutiao":1,"dongtai_count":392,"district":"","shop_micro_app":"","show_favorite_list":true,"enterprise_user_info":"{\"commerce_info\":{\"offline_info_list\":[],\"challenge_list\":[]},\"homepage_bottom_toast\":[],\"permissions\":[{\"Id\":4,\"Key\":\"LiveShop\",\"Name\":\"直播电商\",\"AppId\":1128,\"Status\":1,\"Extra\":null,\"Customization\":null,\"Parent\":0},{\"Id\":3,\"Key\":\"ItemShop\",\"Name\":\"视频电商\",\"AppId\":1128,\"Status\":1,\"Extra\":null,\"Customization\":null,\"Parent\":0},{\"Id\":5,\"Key\":\"UserShop\",\"Name\":\"个人橱窗\",\"AppId\":1128,\"Status\":1,\"Extra\":null,\"Customization\":null,\"Parent\":0}]}","room_id":0,"commerce_user_level":0},"extra":{"now":1595079266000},"log_pb":{"impr_id":"2020071821342601019602420337D97771"},"status_code":0}
