{"extra":{"now":1594714577000},"log_pb":{"impr_id":"202007141616170100080770680204F1C5"},"status_code":0,"user":{"favoriting_count":42924,"sync_to_toutiao":1,"avatar_168x168":{"uri":"1b5df000350ec66666149","url_list":["https://p6-dy-ipv6.byteimg.com/img/1b5df000350ec66666149~c5_168x168.webp?from=4010531038","https://p29-dy.byteimg.com/img/1b5df000350ec66666149~c5_168x168.webp?from=4010531038","https://p3-dy.byteimg.com/img/1b5df000350ec66666149~c5_168x168.webp?from=4010531038"]},"is_blocked":false,"forward_count":95,"message_chat_entry":true,"uid":"62027443606","avatar_medium":{"uri":"1b5df000350ec66666149","url_list":["https://p9-dy.byteimg.com/aweme/720x720/1b5df000350ec66666149.jpeg?from=4010531038","https://p3-dy.byteimg.com/aweme/720x720/1b5df000350ec66666149.jpeg?from=4010531038","https://p6-dy-ipv6.byteimg.com/aweme/720x720/1b5df000350ec66666149.jpeg?from=4010531038"]},"room_id":0,"province":"浙江","recommend_reason_relation":"","iso_country_code":"CN","sec_uid":"MS4wLjABAAAAtxZXo-gZGW_mY1eYiKrJg3yRKBxw8lBfaQc9eOFoBnw","with_fusion_shop_entry":true,"profile_tab_type":0,"is_effect_artist":false,"shop_micro_app":"","general_permission":{"following_follower_list_toast":1},"r_fans_group_info":{},"follow_status":1,"follower_count":3665104,"total_favorited":137274196,"school_name":"浙江传媒学院(桐乡校区)","followers_detail":[{"name":"抖音","icon":"http://p3.pstatp.com/origin/50ec00079b64de2050dc","fans_count":3665104,"open_url":"snssdk1128://user/profile/62027443606?","apple_id":"1142110895","download_url":"https://d.douyin.com/JsvN/","package_name":"com.ss.android.ugc.aweme","app_name":"aweme"},{"apple_id":"529092160","download_url":"https://d.toutiao.com/YjjY/","package_name":"com.ss.android.article.news","app_name":"news_article","name":"头条","icon":"http://p3.pstatp.com/origin/50ed00079a1b6b8d1fb1","fans_count":6271,"open_url":"snssdk143://profile?uid=66992015974"},{"name":"抖音火山版","icon":"http://p3.pstatp.com/origin/2ea5c000abe106154adef","fans_count":1346,"open_url":"snssdk1112://profile?id=4503661654814102","apple_id":"1086047750","download_url":"http://d.huoshanzhibo.com/eFvB/","package_name":"com.ss.android.ugc.live","app_name":"live_stream"}],"commerce_user_level":0,"ins_id":"","white_cover_url":[{"uri":"31946000118627dc9ad2e","url_list":["https://p1-dy-ipv6.byteimg.com/obj/31946000118627dc9ad2e?from=1247829622","https://p6-dy-ipv6.byteimg.com/obj/31946000118627dc9ad2e?from=1247829622","https://p9-dy.byteimg.com/obj/31946000118627dc9ad2e?from=1247829622"]},{"uri":"318f1000413827e122102","url_list":["https://p29-dy.byteimg.com/obj/318f1000413827e122102?from=1247829622","https://p1-dy.byteimg.com/obj/318f1000413827e122102?from=1247829622","https://p6-dy-ipv6.byteimg.com/obj/318f1000413827e122102?from=1247829622"]}],"enterprise_user_info":"{\"commerce_info\":{\"offline_info_list\":[],\"challenge_list\":[]},\"homepage_bottom_toast\":[],\"permissions\":[{\"Id\":4,\"Key\":\"LiveShop\",\"Name\":\"直播电商\",\"AppId\":1128,\"Status\":1,\"Extra\":null,\"Customization\":null,\"Parent\":0},{\"Id\":3,\"Key\":\"ItemShop\",\"Name\":\"视频电商\",\"AppId\":1128,\"Status\":1,\"Extra\":null,\"Customization\":null,\"Parent\":0},{\"Id\":5,\"Key\":\"UserShop\",\"Name\":\"个人橱窗\",\"AppId\":1128,\"Status\":1,\"Extra\":null,\"Customization\":null,\"Parent\":0}]}","enterprise_verify_reason":"","secret":0,"follower_status":0,"is_activity_user":false,"cover_url":[{"uri":"31946000118627dc9ad2e","url_list":["https://p1-dy-ipv6.byteimg.com/obj/31946000118627dc9ad2e?from=1247829622","https://p6-dy-ipv6.byteimg.com/obj/31946000118627dc9ad2e?from=1247829622","https://p9-dy.byteimg.com/obj/31946000118627dc9ad2e?from=1247829622"]},{"uri":"c8510002be9a3a61aad2","url_list":["https://p9-dy-ipv6.byteimg.com/obj/c8510002be9a3a61aad2?from=1247829622","https://p3-dy.byteimg.com/obj/c8510002be9a3a61aad2?from=1247829622","https://p26-dy.byteimg.com/obj/c8510002be9a3a61aad2?from=1247829622"]}],"tab_settings":{"private_tab":{"show_private_tab":false,"private_tab_style":1}},"short_id":"25305264","unique_id":"","youtube_channel_id":"","live_commerce":true,"watch_status":false,"location":"杭州","show_favorite_list":true,"commerce_info":{"offline_info_list":[],"challenge_list":[]},"is_gov_media_vip":false,"with_new_goods":false,"apple_account":0,"country":"中国","life_story_block":{"life_story_block":false},"avatar_300x300":{"uri":"1b5df000350ec66666149","url_list":["https://p3-dy.byteimg.com/img/1b5df000350ec66666149~c5_300x300.webp?from=4010531038","https://p6-dy-ipv6.byteimg.com/img/1b5df000350ec66666149~c5_300x300.webp?from=4010531038","https://p9-dy.byteimg.com/img/1b5df000350ec66666149~c5_300x300.webp?from=4010531038"]},"share_info":{"share_weibo_desc":" ","share_desc":"在抖音，记录美好生活！","share_title":"快来加入抖音，让你发现最有趣的我！","share_qrcode_url":{"url_list":["https://p29-dy.byteimg.com/obj/289f00031561c66fbe27","https://p6-dy-ipv6.byteimg.com/obj/289f00031561c66fbe27","https://p3-dy.byteimg.com/obj/289f00031561c66fbe27"],"uri":"289f00031561c66fbe27"},"share_image_url":{"url_list":null},"bool_persist":1,"share_url":"www.iesdouyin.com/share/user/62027443606?u_code=1jf98imk4c1b&sec_uid=MS4wLjABAAAAtxZXo-gZGW_mY1eYiKrJg3yRKBxw8lBfaQc9eOFoBnw"},"is_star":false,"signature_language":"zh","urge_detail":{"user_urged":0},"is_block":false,"with_commerce_entry":true,"mplatform_followers_count":3672721,"twitter_id":"","twitter_name":"","city":"杭州","recommend_user_reason_source":0,"custom_verify":"优质视频创作者","district":"","signature":"长在你们笑点的男人\n关注一波，每日更新，就在这儿见。\n小号@钟小奇👍\n其余都是假的 有冒充别信\n女朋友@雪顶小福娃❤️\n\n粉丝+商务：zhongqi9799\n（仅此一个联系方式！别被骗！）","youtube_channel_title":"","with_commerce_enterprise_tab_entry":false,"video_cover":{},"avatar_larger":{"uri":"1b5df000350ec66666149","url_list":["https://p1-dy-ipv6.byteimg.com/aweme/1080x1080/1b5df000350ec66666149.jpeg?from=4010531038","https://p9-dy.byteimg.com/aweme/1080x1080/1b5df000350ec66666149.jpeg?from=4010531038","https://p6-dy-ipv6.byteimg.com/aweme/1080x1080/1b5df000350ec66666149.jpeg?from=4010531038"]},"avatar_thumb":{"uri":"1b5df000350ec66666149","url_list":["https://p3-dy.byteimg.com/aweme/100x100/1b5df000350ec66666149.jpeg?from=4010531038","https://p6-dy-ipv6.byteimg.com/aweme/100x100/1b5df000350ec66666149.jpeg?from=4010531038","https://p9-dy.byteimg.com/aweme/100x100/1b5df000350ec66666149.jpeg?from=4010531038"]},"verification_type":1,"original_musician":{"music_count":0,"music_used_count":0,"digg_count":0},"video_icon":{"url_list":[],"uri":""},"commerce_user_info":{"show_star_atlas_cooperation":true,"has_ads_entry":false,"ad_revenue_rits":null,"star_atlas":1},"birthday_hide_level":0,"nickname":"钟奇钟奇","gender":1,"birthday":"1999-01-01","aweme_count":337,"following_count":430,"dongtai_count":432}}
