{"log_pb":{"impr_id":"20200714233603010008044015204C87D4"},"status_code":0,"user":{"following_count":5,"favoriting_count":109,"total_favorited":280263070,"country":"中国","avatar_168x168":{"uri":"2dd6d0000536fbff618c2","url_list":["https://p1-dy-ipv6.byteimg.com/img/2dd6d0000536fbff618c2~c5_168x168.webp?from=4010531038","https://p9-dy.byteimg.com/img/2dd6d0000536fbff618c2~c5_168x168.webp?from=4010531038","https://p3-dy.byteimg.com/img/2dd6d0000536fbff618c2~c5_168x168.webp?from=4010531038"]},"aweme_count":406,"enterprise_verify_reason":"","is_effect_artist":false,"life_story_block":{"life_story_block":false},"r_fans_group_info":{},"white_cover_url":[{"uri":"31b1900025013922ca84e","url_list":["https://p3-dy.byteimg.com/obj/31b1900025013922ca84e?from=1247829622","https://p26-dy.byteimg.com/obj/31b1900025013922ca84e?from=1247829622","https://p6-dy-ipv6.byteimg.com/obj/31b1900025013922ca84e?from=1247829622"]},{"uri":"318f1000413827e122102","url_list":["https://p29-dy.byteimg.com/obj/318f1000413827e122102?from=1247829622","https://p1-dy.byteimg.com/obj/318f1000413827e122102?from=1247829622","https://p3-dy.byteimg.com/obj/318f1000413827e122102?from=1247829622"]}],"unique_id":"","school_name":"","twitter_id":"","profile_tab_type":0,"is_star":false,"commerce_user_info":{"star_atlas":1,"show_star_atlas_cooperation":true,"has_ads_entry":false,"ad_revenue_rits":null},"message_chat_entry":true,"follower_count":43683088,"is_block":false,"urge_detail":{"user_urged":0},"short_id":"166902759","with_commerce_entry":true,"followers_detail":[{"open_url":"snssdk1128://user/profile/81939158402?","apple_id":"1142110895","download_url":"https://d.douyin.com/JsvN/","package_name":"com.ss.android.ugc.aweme","app_name":"aweme","name":"抖音","icon":"http://p3.pstatp.com/origin/50ec00079b64de2050dc","fans_count":43683088},{"name":"头条","icon":"http://p3.pstatp.com/origin/50ed00079a1b6b8d1fb1","fans_count":0,"open_url":"snssdk143://profile?uid=0","apple_id":"529092160","download_url":"https://d.toutiao.com/YjjY/","package_name":"com.ss.android.article.news","app_name":"news_article"},{"open_url":"snssdk1112://profile?id=0","apple_id":"1086047750","download_url":"http://d.huoshanzhibo.com/eFvB/","package_name":"com.ss.android.ugc.live","app_name":"live_stream","name":"抖音火山版","icon":"http://p3.pstatp.com/origin/2ea5c000abe106154adef","fans_count":0}],"secret":0,"dongtai_count":408,"sec_uid":"MS4wLjABAAAADPmcyqr3M1ZUMAq245VLQ_E2LaE0rwoH0QEVNJfoq2A","commerce_info":{"offline_info_list":[],"challenge_list":[]},"youtube_channel_id":"","twitter_name":"","is_gov_media_vip":false,"follower_status":0,"commerce_user_level":0,"with_fusion_shop_entry":true,"cover_url":[{"uri":"31b1900025013922ca84e","url_list":["https://p3-dy.byteimg.com/obj/31b1900025013922ca84e?from=1247829622","https://p26-dy.byteimg.com/obj/31b1900025013922ca84e?from=1247829622","https://p6-dy-ipv6.byteimg.com/obj/31b1900025013922ca84e?from=1247829622"]},{"url_list":["https://p3-dy.byteimg.com/obj/c8510002be9a3a61aad2?from=1247829622","https://p1-dy.byteimg.com/obj/c8510002be9a3a61aad2?from=1247829622","https://p6-dy-ipv6.byteimg.com/obj/c8510002be9a3a61aad2?from=1247829622"],"uri":"c8510002be9a3a61aad2"}],"signature_language":"zh","tab_settings":{"private_tab":{"show_private_tab":false,"private_tab_style":1}},"forward_count":2,"signature":"涂口红世界纪录保持者 战胜马云的口红一哥\n关注vx：李佳琦Austin","avatar_thumb":{"uri":"2dd6d0000536fbff618c2","url_list":["https://p3-dy.byteimg.com/aweme/100x100/2dd6d0000536fbff618c2.jpeg?from=4010531038","https://p9-dy.byteimg.com/aweme/100x100/2dd6d0000536fbff618c2.jpeg?from=4010531038","https://p29-dy.byteimg.com/aweme/100x100/2dd6d0000536fbff618c2.jpeg?from=4010531038"]},"sync_to_toutiao":0,"city":"上海","custom_verify":"","room_id":0,"youtube_channel_title":"","watch_status":false,"avatar_300x300":{"uri":"2dd6d0000536fbff618c2","url_list":["https://p9-dy.byteimg.com/img/2dd6d0000536fbff618c2~c5_300x300.webp?from=4010531038","https://p29-dy.byteimg.com/img/2dd6d0000536fbff618c2~c5_300x300.webp?from=4010531038","https://p6-dy-ipv6.byteimg.com/img/2dd6d0000536fbff618c2~c5_300x300.webp?from=4010531038"]},"nickname":"李佳琦Austin","gender":1,"follow_status":1,"verification_type":1,"video_icon":{"uri":"","url_list":[]},"ins_id":"","apple_account":0,"with_new_goods":false,"is_activity_user":false,"avatar_larger":{"uri":"2dd6d0000536fbff618c2","url_list":["https://p1-dy-ipv6.byteimg.com/aweme/1080x1080/2dd6d0000536fbff618c2.jpeg?from=4010531038","https://p9-dy.byteimg.com/aweme/1080x1080/2dd6d0000536fbff618c2.jpeg?from=4010531038","https://p3-dy.byteimg.com/aweme/1080x1080/2dd6d0000536fbff618c2.jpeg?from=4010531038"]},"share_info":{"share_weibo_desc":" ","share_desc":"在抖音，记录美好生活！","share_title":"快来加入抖音，让你发现最有趣的我！","share_qrcode_url":{"uri":"508f002239d6826ae77a","url_list":["https://p9-dy-ipv6.byteimg.com/obj/508f002239d6826ae77a","https://p29-dy.byteimg.com/obj/508f002239d6826ae77a","https://p6-dy-ipv6.byteimg.com/obj/508f002239d6826ae77a"]},"share_image_url":{"url_list":null},"bool_persist":1,"share_url":"www.iesdouyin.com/share/user/81939158402?u_code=1jf98imk4c1b&sec_uid=MS4wLjABAAAADPmcyqr3M1ZUMAq245VLQ_E2LaE0rwoH0QEVNJfoq2A"},"shop_micro_app":"","enterprise_user_info":"{\"commerce_info\":{\"offline_info_list\":[],\"challenge_list\":[]},\"homepage_bottom_toast\":[],\"permissions\":[{\"Id\":3,\"Key\":\"ItemShop\",\"Name\":\"视频电商\",\"AppId\":1128,\"Status\":1,\"Extra\":null,\"Customization\":null,\"Parent\":0},{\"Id\":5,\"Key\":\"UserShop\",\"Name\":\"个人橱窗\",\"AppId\":1128,\"Status\":1,\"Extra\":null,\"Customization\":null,\"Parent\":0},{\"Id\":4,\"Key\":\"LiveShop\",\"Name\":\"直播电商\",\"AppId\":1128,\"Status\":1,\"Extra\":null,\"Customization\":null,\"Parent\":0}]}","province":"上海","recommend_reason_relation":"","video_cover":{},"original_musician":{"music_count":0,"music_used_count":0,"digg_count":0},"is_blocked":false,"show_favorite_list":true,"recommend_user_reason_source":0,"avatar_medium":{"uri":"2dd6d0000536fbff618c2","url_list":["https://p3-dy.byteimg.com/aweme/720x720/2dd6d0000536fbff618c2.jpeg?from=4010531038","https://p29-dy.byteimg.com/aweme/720x720/2dd6d0000536fbff618c2.jpeg?from=4010531038","https://p6-dy-ipv6.byteimg.com/aweme/720x720/2dd6d0000536fbff618c2.jpeg?from=4010531038"]},"birthday":"1992-01-01","district":"","birthday_hide_level":0,"uid":"81939158402","mplatform_followers_count":43683088,"live_commerce":true,"with_commerce_enterprise_tab_entry":false},"extra":{"now":1594740963000}}
