{"status_code":0,"user":{"secret":0,"district":"","watch_status":false,"commerce_user_info":{"ad_revenue_rits":null,"star_atlas":1,"show_star_atlas_cooperation":true,"has_ads_entry":true},"aweme_count":907,"is_block":false,"ins_id":"","recommend_reason_relation":"","shop_micro_app":"","with_commerce_entry":true,"avatar_300x300":{"uri":"72a0002c8162384ba94f","url_list":["https://p29-dy.byteimg.com/img/72a0002c8162384ba94f~c5_300x300.webp?from=4010531038","https://p6-dy-ipv6.byteimg.com/img/72a0002c8162384ba94f~c5_300x300.webp?from=4010531038","https://p9-dy.byteimg.com/img/72a0002c8162384ba94f~c5_300x300.webp?from=4010531038"]},"mplatform_followers_count":8871091,"twitter_name":"","dongtai_count":1033,"with_commerce_enterprise_tab_entry":false,"share_info":{"share_image_url":{"url_list":null},"bool_persist":1,"share_url":"www.iesdouyin.com/share/user/58651677044?u_code=1jf98imk4c1b&sec_uid=MS4wLjABAAAAk416nE5DzCo7SiXdYgV2bOK8OO8Edy432cNBeJy1_us","share_weibo_desc":" ","share_desc":"在抖音，记录美好生活！","share_title":"快来加入抖音，让你发现最有趣的我！","share_qrcode_url":{"uri":"4a7a0028fcda7a1eb65b","url_list":["https://p26-dy.byteimg.com/obj/4a7a0028fcda7a1eb65b","https://p6-dy-ipv6.byteimg.com/obj/4a7a0028fcda7a1eb65b","https://p9-dy.byteimg.com/obj/4a7a0028fcda7a1eb65b"]}},"video_cover":{},"urge_detail":{"user_urged":0},"short_id":"147104861","avatar_thumb":{"uri":"72a0002c8162384ba94f","url_list":["https://p6-dy-ipv6.byteimg.com/aweme/100x100/72a0002c8162384ba94f.jpeg?from=4010531038","https://p3-dy.byteimg.com/aweme/100x100/72a0002c8162384ba94f.jpeg?from=4010531038","https://p26-dy.byteimg.com/aweme/100x100/72a0002c8162384ba94f.jpeg?from=4010531038"]},"total_favorited":110106969,"with_fusion_shop_entry":true,"twitter_id":"","white_cover_url":[{"uri":"3173a000ae9384f297404","url_list":["https://p3-dy.byteimg.com/obj/3173a000ae9384f297404?from=1247829622","https://p9-dy.byteimg.com/obj/3173a000ae9384f297404?from=1247829622","https://p26-dy.byteimg.com/obj/3173a000ae9384f297404?from=1247829622"]},{"uri":"318f1000413827e122102","url_list":["https://p9-dy-ipv6.byteimg.com/obj/318f1000413827e122102?from=1247829622","https://p26-dy.byteimg.com/obj/318f1000413827e122102?from=1247829622","https://p6-dy-ipv6.byteimg.com/obj/318f1000413827e122102?from=1247829622"]}],"gender":2,"avatar_medium":{"uri":"72a0002c8162384ba94f","url_list":["https://p9-dy.byteimg.com/aweme/720x720/72a0002c8162384ba94f.jpeg?from=4010531038","https://p29-dy.byteimg.com/aweme/720x720/72a0002c8162384ba94f.jpeg?from=4010531038","https://p26-dy.byteimg.com/aweme/720x720/72a0002c8162384ba94f.jpeg?from=4010531038"]},"follower_count":8587492,"live_commerce":true,"r_fans_group_info":{},"commerce_permissions":{"enterprise":1},"apple_account":0,"cover_url":[{"uri":"3173a000ae9384f297404","url_list":["https://p3-dy.byteimg.com/obj/3173a000ae9384f297404?from=1247829622","https://p9-dy.byteimg.com/obj/3173a000ae9384f297404?from=1247829622","https://p26-dy.byteimg.com/obj/3173a000ae9384f297404?from=1247829622"]},{"url_list":["https://p26-dy.byteimg.com/obj/c8510002be9a3a61aad2?from=1247829622","https://p29-dy.byteimg.com/obj/c8510002be9a3a61aad2?from=1247829622","https://p1-dy.byteimg.com/obj/c8510002be9a3a61aad2?from=1247829622"],"uri":"c8510002be9a3a61aad2"}],"is_effect_artist":false,"is_blocked":false,"signature_language":"zh","birthday_hide_level":0,"following_count":28,"custom_verify":"优质视频创作者","youtube_channel_id":"","is_gov_media_vip":false,"province":"","avatar_larger":{"uri":"72a0002c8162384ba94f","url_list":["https://p3-dy.byteimg.com/aweme/1080x1080/72a0002c8162384ba94f.jpeg?from=4010531038","https://p29-dy.byteimg.com/aweme/1080x1080/72a0002c8162384ba94f.jpeg?from=4010531038","https://p6-dy-ipv6.byteimg.com/aweme/1080x1080/72a0002c8162384ba94f.jpeg?from=4010531038"]},"verification_type":1,"with_new_goods":false,"avatar_168x168":{"uri":"72a0002c8162384ba94f","url_list":["https://p29-dy.byteimg.com/img/72a0002c8162384ba94f~c5_168x168.webp?from=4010531038","https://p3-dy.byteimg.com/img/72a0002c8162384ba94f~c5_168x168.webp?from=4010531038","https://p26-dy.byteimg.com/img/72a0002c8162384ba94f~c5_168x168.webp?from=4010531038"]},"tab_settings":{"private_tab":{"show_private_tab":false,"private_tab_style":1}},"nickname":"认真少女_颜九","enterprise_verify_reason":"","commerce_user_level":0,"video_icon":{"uri":"","url_list":[]},"follower_status":0,"sec_uid":"MS4wLjABAAAAk416nE5DzCo7SiXdYgV2bOK8OO8Edy432cNBeJy1_us","show_favorite_list":true,"enterprise_user_info":"{\"commerce_info\":{\"offline_info_list\":[],\"challenge_list\":[]},\"homepage_bottom_toast\":[],\"permissions\":[{\"Id\":81,\"Key\":\"Enterprise\",\"Name\":\"企业权限标识\",\"AppId\":1128,\"Status\":1,\"Extra\":null,\"Customization\":null,\"Parent\":0},{\"Id\":3,\"Key\":\"ItemShop\",\"Name\":\"视频电商\",\"AppId\":1128,\"Status\":1,\"Extra\":null,\"Customization\":null,\"Parent\":0},{\"Id\":4,\"Key\":\"LiveShop\",\"Name\":\"直播电商\",\"AppId\":1128,\"Status\":1,\"Extra\":null,\"Customization\":null,\"Parent\":0},{\"Id\":5,\"Key\":\"UserShop\",\"Name\":\"个人橱窗\",\"AppId\":1128,\"Status\":1,\"Extra\":null,\"Customization\":null,\"Parent\":0}]}","signature":"一个专注试色的美妆博主\n一分钱都不许你多花\n任何售后问题👉颜九工作室（在关注里）\n就酱，啾咪～","birthday":"1997-01-01","unique_id":"","original_musician":{"music_count":0,"music_used_count":0,"digg_count":0},"is_star":false,"favoriting_count":365,"youtube_channel_title":"","city":"","life_story_block":{"life_story_block":false},"message_chat_entry":true,"follow_status":1,"school_name":"","sync_to_toutiao":1,"profile_tab_type":0,"commerce_info":{"challenge_list":[],"offline_info_list":[]},"country":"","is_activity_user":false,"uid":"58651677044","room_id":0,"followers_detail":[{"package_name":"com.ss.android.ugc.aweme","app_name":"aweme","name":"抖音","icon":"http://p3.pstatp.com/origin/50ec00079b64de2050dc","fans_count":8587492,"open_url":"snssdk1128://user/profile/58651677044?","apple_id":"1142110895","download_url":"https://d.douyin.com/JsvN/"},{"app_name":"news_article","name":"头条","icon":"http://p3.pstatp.com/origin/50ed00079a1b6b8d1fb1","fans_count":283599,"open_url":"snssdk143://profile?uid=81354064730","apple_id":"529092160","download_url":"https://d.toutiao.com/YjjY/","package_name":"com.ss.android.article.news"},{"package_name":"com.ss.android.ugc.live","app_name":"live_stream","name":"抖音火山版","icon":"http://p3.pstatp.com/origin/2ea5c000abe106154adef","fans_count":0,"open_url":"snssdk1112://profile?id=0","apple_id":"1086047750","download_url":"http://d.huoshanzhibo.com/eFvB/"}],"recommend_user_reason_source":0,"forward_count":126},"extra":{"now":1595170989000},"log_pb":{"impr_id":"202007192303090100140400410D00A69F"}}
