{"log_pb":{"impr_id":"202007172300370100080430980911BF27"},"status_code":0,"user":{"city":"北京市","is_star":false,"show_favorite_list":true,"verification_type":1,"follower_status":0,"with_new_goods":false,"tab_settings":{"private_tab":{"private_tab_style":1,"show_private_tab":false}},"is_activity_user":false,"location":"北京市","twitter_id":"","is_gov_media_vip":false,"birthday":"","profile_tab_type":0,"twitter_name":"","is_block":false,"ins_id":"","avatar_medium":{"uri":"b70000066ea03743bf8e","url_list":["https://p26-dy.byteimg.com/aweme/720x720/b70000066ea03743bf8e.jpeg?from=4010531038","https://p29-dy.byteimg.com/aweme/720x720/b70000066ea03743bf8e.jpeg?from=4010531038","https://p3-dy.byteimg.com/aweme/720x720/b70000066ea03743bf8e.jpeg?from=4010531038"]},"follow_status":1,"live_commerce":true,"province":"","nickname":"豆豆_Babe","signature":"绝美爆款制造机、可甜可盐可神经\n播音主持科班，原职访谈节目主播\n通晓美妆护肤流行的爱美憨憨博主\n能凹会买！用心分享！ 真实测评！\n干皮敏感肌，🙏愿望不长痘\n宠🐷爱🐷心里只有猪憨憨\n唯一小号：豆豆本豆（其他都是假的）\n你们爱看的尽量拍！！！\n合作vx：18611152928（备注品牌名）","with_fusion_shop_entry":true,"is_blocked":false,"signature_language":"zh","forward_count":5,"favoriting_count":1418,"share_info":{"share_desc":"在抖音，记录美好生活！","share_title":"快来加入抖音，让你发现最有趣的我！","share_qrcode_url":{"uri":"24a20020b2f77c14194e","url_list":["https://p3-dy.byteimg.com/obj/24a20020b2f77c14194e","https://p9-dy.byteimg.com/obj/24a20020b2f77c14194e","https://p6-dy-ipv6.byteimg.com/obj/24a20020b2f77c14194e"]},"share_image_url":{"url_list":null},"bool_persist":1,"share_url":"www.iesdouyin.com/share/user/53304917615?u_code=1jf98imk4c1b&sec_uid=MS4wLjABAAAA6lwGsdvKaZe5PJVHH9ocMI_PMkfyVx9poNHWndDH7p4","share_weibo_desc":" "},"mplatform_followers_count":9742976,"video_icon":{"url_list":[],"uri":""},"recommend_reason_relation":"","with_commerce_enterprise_tab_entry":false,"avatar_300x300":{"uri":"b70000066ea03743bf8e","url_list":["https://p9-dy.byteimg.com/img/b70000066ea03743bf8e~c5_300x300.webp?from=4010531038","https://p26-dy.byteimg.com/img/b70000066ea03743bf8e~c5_300x300.webp?from=4010531038","https://p3-dy.byteimg.com/img/b70000066ea03743bf8e~c5_300x300.webp?from=4010531038"]},"total_favorited":94065023,"with_commerce_entry":true,"avatar_thumb":{"uri":"b70000066ea03743bf8e","url_list":["https://p26-dy.byteimg.com/aweme/100x100/b70000066ea03743bf8e.jpeg?from=4010531038","https://p29-dy.byteimg.com/aweme/100x100/b70000066ea03743bf8e.jpeg?from=4010531038","https://p3-dy.byteimg.com/aweme/100x100/b70000066ea03743bf8e.jpeg?from=4010531038"]},"original_musician":{"music_count":0,"music_used_count":0,"digg_count":0},"secret":0,"apple_account":0,"district":"朝阳区","life_story_block":{"life_story_block":false},"short_id":"5144228","avatar_larger":{"uri":"b70000066ea03743bf8e","url_list":["https://p26-dy.byteimg.com/aweme/1080x1080/b70000066ea03743bf8e.jpeg?from=4010531038","https://p3-dy.byteimg.com/aweme/1080x1080/b70000066ea03743bf8e.jpeg?from=4010531038","https://p6-dy-ipv6.byteimg.com/aweme/1080x1080/b70000066ea03743bf8e.jpeg?from=4010531038"]},"video_cover":{},"dongtai_count":361,"commerce_user_info":{"show_star_atlas_cooperation":false,"has_ads_entry":false,"ad_revenue_rits":null,"star_atlas":1},"urge_detail":{"user_urged":0},"school_name":"","commerce_info":{"offline_info_list":[],"challenge_list":[]},"is_effect_artist":false,"shop_micro_app":"","enterprise_user_info":"{\"commerce_info\":{\"offline_info_list\":[],\"challenge_list\":[]},\"homepage_bottom_toast\":[],\"permissions\":[{\"Id\":5,\"Key\":\"UserShop\",\"Name\":\"个人橱窗\",\"AppId\":1128,\"Status\":1,\"Extra\":null,\"Customization\":null,\"Parent\":0},{\"Id\":4,\"Key\":\"LiveShop\",\"Name\":\"直播电商\",\"AppId\":1128,\"Status\":1,\"Extra\":null,\"Customization\":null,\"Parent\":0},{\"Id\":3,\"Key\":\"ItemShop\",\"Name\":\"视频电商\",\"AppId\":1128,\"Status\":1,\"Extra\":null,\"Customization\":null,\"Parent\":0}]}","following_count":53,"commerce_user_level":0,"unique_id":"","followers_detail":[{"icon":"http://p3.pstatp.com/origin/50ec00079b64de2050dc","fans_count":9686138,"open_url":"snssdk1128://user/profile/53304917615?","apple_id":"1142110895","download_url":"https://d.douyin.com/JsvN/","package_name":"com.ss.android.ugc.aweme","app_name":"aweme","name":"抖音"},{"package_name":"com.ss.android.article.news","app_name":"news_article","name":"头条","icon":"http://p3.pstatp.com/origin/50ed00079a1b6b8d1fb1","fans_count":44162,"open_url":"snssdk143://profile?uid=102993868107","apple_id":"529092160","download_url":"https://d.toutiao.com/YjjY/"},{"package_name":"com.ss.android.ugc.live","app_name":"live_stream","name":"抖音火山版","icon":"http://p3.pstatp.com/origin/2ea5c000abe106154adef","fans_count":12676,"open_url":"snssdk1112://profile?id=4503652932288111","apple_id":"1086047750","download_url":"http://d.huoshanzhibo.com/eFvB/"}],"sync_to_toutiao":1,"cover_url":[{"uri":"2ed960007cf523aa7b292","url_list":["https://p9-dy-ipv6.byteimg.com/obj/2ed960007cf523aa7b292?from=1247829622","https://p6-dy-ipv6.byteimg.com/obj/2ed960007cf523aa7b292?from=1247829622","https://p3-dy.byteimg.com/obj/2ed960007cf523aa7b292?from=1247829622"]},{"uri":"c8510002be9a3a61aad2","url_list":["https://p6-dy-ipv6.byteimg.com/obj/c8510002be9a3a61aad2?from=1247829622","https://p3-dy.byteimg.com/obj/c8510002be9a3a61aad2?from=1247829622","https://p9-dy.byteimg.com/obj/c8510002be9a3a61aad2?from=1247829622"]}],"iso_country_code":"CN","watch_status":false,"white_cover_url":[{"uri":"2ed960007cf523aa7b292","url_list":["https://p9-dy-ipv6.byteimg.com/obj/2ed960007cf523aa7b292?from=1247829622","https://p6-dy-ipv6.byteimg.com/obj/2ed960007cf523aa7b292?from=1247829622","https://p3-dy.byteimg.com/obj/2ed960007cf523aa7b292?from=1247829622"]},{"uri":"318f1000413827e122102","url_list":["https://p6-dy-ipv6.byteimg.com/obj/318f1000413827e122102?from=1247829622","https://p29-dy.byteimg.com/obj/318f1000413827e122102?from=1247829622","https://p26-dy.byteimg.com/obj/318f1000413827e122102?from=1247829622"]}],"follower_count":9686138,"room_id":0,"recommend_user_reason_source":0,"uid":"53304917615","message_chat_entry":true,"avatar_168x168":{"uri":"b70000066ea03743bf8e","url_list":["https://p3-dy.byteimg.com/img/b70000066ea03743bf8e~c5_168x168.webp?from=4010531038","https://p29-dy.byteimg.com/img/b70000066ea03743bf8e~c5_168x168.webp?from=4010531038","https://p9-dy.byteimg.com/img/b70000066ea03743bf8e~c5_168x168.webp?from=4010531038"]},"birthday_hide_level":0,"aweme_count":356,"youtube_channel_title":"","gender":2,"youtube_channel_id":"","country":"中国","r_fans_group_info":{},"sec_uid":"MS4wLjABAAAA6lwGsdvKaZe5PJVHH9ocMI_PMkfyVx9poNHWndDH7p4","custom_verify":"抖音直播十佳好物推荐官","enterprise_verify_reason":""},"extra":{"now":1594998037000}}
