{"extra":{"now":1595171014000},"log_pb":{"impr_id":"2020071923033401001404002902FF23F1"},"status_code":0,"user":{"nickname":"宵夜大哥","avatar_thumb":{"uri":"30ee300037180fa1a3820","url_list":["https://p9-dy.byteimg.com/aweme/100x100/30ee300037180fa1a3820.jpeg?from=4010531038","https://p3-dy.byteimg.com/aweme/100x100/30ee300037180fa1a3820.jpeg?from=4010531038","https://p6-dy-ipv6.byteimg.com/aweme/100x100/30ee300037180fa1a3820.jpeg?from=4010531038"]},"following_count":10,"original_musician":{"music_count":0,"music_used_count":0,"digg_count":0},"secret":0,"apple_account":0,"with_new_goods":false,"is_effect_artist":false,"sec_uid":"MS4wLjABAAAAEHOngzwEpo9en_Gnh0r8t1hkkCY0IOiNwxSEXLVZhUkAYwcUxF4vzxlnZLcyL0VQ","show_favorite_list":true,"follow_status":1,"twitter_name":"","live_commerce":true,"gender":2,"is_block":false,"mplatform_followers_count":575636,"is_star":false,"tab_settings":{"private_tab":{"show_private_tab":false,"private_tab_style":1}},"short_id":"0","school_name":"","sync_to_toutiao":0,"profile_tab_type":0,"is_blocked":false,"country":"中国","city":"杭州","video_cover":{},"is_activity_user":false,"favoriting_count":411,"commerce_info":{"offline_info_list":[],"challenge_list":[]},"youtube_channel_id":"","dongtai_count":96,"signature_language":"zh","uid":"2774774354809566","signature":"大家好我是宵夜札札\n一个不入流的伪分享博主\nwb：宵夜大哥\n粉丝v：xiaoyezhazha02\n合作v：xyjh20190410","birthday":"1998-01-01","ins_id":"","with_fusion_shop_entry":true,"avatar_300x300":{"uri":"30ee300037180fa1a3820","url_list":["https://p3-dy.byteimg.com/img/30ee300037180fa1a3820~c5_300x300.webp?from=4010531038","https://p6-dy-ipv6.byteimg.com/img/30ee300037180fa1a3820~c5_300x300.webp?from=4010531038","https://p9-dy.byteimg.com/img/30ee300037180fa1a3820~c5_300x300.webp?from=4010531038"]},"enterprise_verify_reason":"","commerce_permissions":{"enterprise":1},"custom_verify":"","r_fans_group_info":{},"avatar_168x168":{"uri":"30ee300037180fa1a3820","url_list":["https://p3-dy-ipv6.byteimg.com/img/30ee300037180fa1a3820~c5_168x168.webp?from=4010531038","https://p9-dy.byteimg.com/img/30ee300037180fa1a3820~c5_168x168.webp?from=4010531038","https://p29-dy.byteimg.com/img/30ee300037180fa1a3820~c5_168x168.webp?from=4010531038"]},"urge_detail":{"user_urged":0},"avatar_medium":{"uri":"30ee300037180fa1a3820","url_list":["https://p3-dy.byteimg.com/aweme/720x720/30ee300037180fa1a3820.jpeg?from=4010531038","https://p9-dy.byteimg.com/aweme/720x720/30ee300037180fa1a3820.jpeg?from=4010531038","https://p29-dy.byteimg.com/aweme/720x720/30ee300037180fa1a3820.jpeg?from=4010531038"]},"total_favorited":5641969,"with_commerce_entry":true,"verification_type":0,"followers_detail":[{"app_name":"aweme","name":"抖音","icon":"http://p3.pstatp.com/origin/50ec00079b64de2050dc","fans_count":575636,"open_url":"snssdk1128://user/profile/2774774354809566?","apple_id":"1142110895","download_url":"https://d.douyin.com/JsvN/","package_name":"com.ss.android.ugc.aweme"},{"package_name":"com.ss.android.article.news","app_name":"news_article","name":"头条","icon":"http://p3.pstatp.com/origin/50ed00079a1b6b8d1fb1","fans_count":0,"open_url":"snssdk143://profile?uid=0","apple_id":"529092160","download_url":"https://d.toutiao.com/YjjY/"},{"name":"抖音火山版","icon":"http://p3.pstatp.com/origin/2ea5c000abe106154adef","fans_count":0,"open_url":"snssdk1112://profile?id=0","apple_id":"1086047750","download_url":"http://d.huoshanzhibo.com/eFvB/","package_name":"com.ss.android.ugc.live","app_name":"live_stream"}],"aweme_count":81,"unique_id":"dywdnzg6pbaj","cover_url":[{"uri":"2d1610001212f8e7ccc73","url_list":["https://p26-dy.byteimg.com/obj/2d1610001212f8e7ccc73?from=1247829622","https://p1-dy.byteimg.com/obj/2d1610001212f8e7ccc73?from=1247829622","https://p6-dy-ipv6.byteimg.com/obj/2d1610001212f8e7ccc73?from=1247829622"]},{"uri":"c8510002be9a3a61aad2","url_list":["https://p29-dy.byteimg.com/obj/c8510002be9a3a61aad2?from=1247829622","https://p6-dy-ipv6.byteimg.com/obj/c8510002be9a3a61aad2?from=1247829622","https://p3-dy.byteimg.com/obj/c8510002be9a3a61aad2?from=1247829622"]}],"recommend_reason_relation":"","commerce_user_info":{"star_atlas":1,"show_star_atlas_cooperation":true,"has_ads_entry":true,"ad_revenue_rits":null},"message_chat_entry":true,"enterprise_user_info":"{\"commerce_info\":{\"offline_info_list\":[],\"challenge_list\":[]},\"homepage_bottom_toast\":[],\"permissions\":[{\"Id\":3,\"Key\":\"ItemShop\",\"Name\":\"视频电商\",\"AppId\":1128,\"Status\":1,\"Extra\":null,\"Customization\":null,\"Parent\":0},{\"Id\":81,\"Key\":\"Enterprise\",\"Name\":\"企业权限标识\",\"AppId\":1128,\"Status\":1,\"Extra\":null,\"Customization\":null,\"Parent\":0},{\"Id\":5,\"Key\":\"UserShop\",\"Name\":\"个人橱窗\",\"AppId\":1128,\"Status\":1,\"Extra\":null,\"Customization\":null,\"Parent\":0},{\"Id\":4,\"Key\":\"LiveShop\",\"Name\":\"直播电商\",\"AppId\":1128,\"Status\":1,\"Extra\":null,\"Customization\":null,\"Parent\":0}]}","room_id":0,"is_gov_media_vip":false,"province":"浙江","life_story_block":{"life_story_block":false},"location":"杭州","share_info":{"share_image_url":{"url_list":null},"bool_persist":1,"share_url":"www.iesdouyin.com/share/user/2774774354809566?u_code=1jf98imk4c1b&sec_uid=MS4wLjABAAAAEHOngzwEpo9en_Gnh0r8t1hkkCY0IOiNwxSEXLVZhUkAYwcUxF4vzxlnZLcyL0VQ","share_weibo_desc":" ","share_desc":"在抖音，记录美好生活！","share_title":"快来加入抖音，让你发现最有趣的我！","share_qrcode_url":{"uri":"2d004000101d73d33eb72","url_list":["https://p9-dy-ipv6.byteimg.com/obj/2d004000101d73d33eb72","https://p26-dy.byteimg.com/obj/2d004000101d73d33eb72","https://p29-dy.byteimg.com/obj/2d004000101d73d33eb72"]}},"youtube_channel_title":"","district":"","commerce_user_level":0,"twitter_id":"","follower_status":0,"white_cover_url":[{"uri":"2d1610001212f8e7ccc73","url_list":["https://p26-dy.byteimg.com/obj/2d1610001212f8e7ccc73?from=1247829622","https://p1-dy.byteimg.com/obj/2d1610001212f8e7ccc73?from=1247829622","https://p6-dy-ipv6.byteimg.com/obj/2d1610001212f8e7ccc73?from=1247829622"]},{"uri":"318f1000413827e122102","url_list":["https://p9-dy.byteimg.com/obj/318f1000413827e122102?from=1247829622","https://p26-dy.byteimg.com/obj/318f1000413827e122102?from=1247829622","https://p6-dy-ipv6.byteimg.com/obj/318f1000413827e122102?from=1247829622"]}],"avatar_larger":{"uri":"30ee300037180fa1a3820","url_list":["https://p6-dy-ipv6.byteimg.com/aweme/1080x1080/30ee300037180fa1a3820.jpeg?from=4010531038","https://p29-dy.byteimg.com/aweme/1080x1080/30ee300037180fa1a3820.jpeg?from=4010531038","https://p3-dy.byteimg.com/aweme/1080x1080/30ee300037180fa1a3820.jpeg?from=4010531038"]},"video_icon":{"uri":"","url_list":[]},"iso_country_code":"","with_commerce_enterprise_tab_entry":false,"birthday_hide_level":0,"recommend_user_reason_source":0,"follower_count":575636,"watch_status":false,"shop_micro_app":"","forward_count":15}}
