{"extra":{"now":1594997986000},"log_pb":{"impr_id":"2020071722594601001404002815124119"},"status_code":0,"user":{"dongtai_count":1029,"cover_url":[{"uri":"3173a000ae9384f297404","url_list":["https://p29-dy.byteimg.com/obj/3173a000ae9384f297404?from=1247829622","https://p6-dy-ipv6.byteimg.com/obj/3173a000ae9384f297404?from=1247829622","https://p3-dy.byteimg.com/obj/3173a000ae9384f297404?from=1247829622"]},{"uri":"c8510002be9a3a61aad2","url_list":["https://p26-dy.byteimg.com/obj/c8510002be9a3a61aad2?from=1247829622","https://p9-dy.byteimg.com/obj/c8510002be9a3a61aad2?from=1247829622","https://p3-dy.byteimg.com/obj/c8510002be9a3a61aad2?from=1247829622"]}],"watch_status":false,"signature_language":"zh","sync_to_toutiao":1,"twitter_id":"","is_gov_media_vip":false,"country":"","recommend_reason_relation":"","urge_detail":{"user_urged":0},"uid":"58651677044","live_commerce":true,"is_effect_artist":false,"forward_count":124,"with_new_goods":false,"favoriting_count":363,"custom_verify":"优质视频创作者","unique_id":"","apple_account":0,"follower_status":0,"birthday_hide_level":0,"commerce_permissions":{"enterprise":1},"nickname":"认真少女_颜九","mplatform_followers_count":8849810,"profile_tab_type":0,"is_star":false,"is_block":false,"with_commerce_enterprise_tab_entry":false,"show_favorite_list":true,"enterprise_user_info":"{\"commerce_info\":{\"offline_info_list\":[],\"challenge_list\":[]},\"homepage_bottom_toast\":[],\"permissions\":[{\"Id\":4,\"Key\":\"LiveShop\",\"Name\":\"直播电商\",\"AppId\":1128,\"Status\":1,\"Extra\":null,\"Customization\":null,\"Parent\":0},{\"Id\":81,\"Key\":\"Enterprise\",\"Name\":\"企业权限标识\",\"AppId\":1128,\"Status\":1,\"Extra\":null,\"Customization\":null,\"Parent\":0},{\"Id\":3,\"Key\":\"ItemShop\",\"Name\":\"视频电商\",\"AppId\":1128,\"Status\":1,\"Extra\":null,\"Customization\":null,\"Parent\":0},{\"Id\":5,\"Key\":\"UserShop\",\"Name\":\"个人橱窗\",\"AppId\":1128,\"Status\":1,\"Extra\":null,\"Customization\":null,\"Parent\":0}]}","avatar_medium":{"uri":"72a0002c8162384ba94f","url_list":["https://p6-dy-ipv6.byteimg.com/aweme/720x720/72a0002c8162384ba94f.jpeg?from=4010531038","https://p3-dy.byteimg.com/aweme/720x720/72a0002c8162384ba94f.jpeg?from=4010531038","https://p9-dy.byteimg.com/aweme/720x720/72a0002c8162384ba94f.jpeg?from=4010531038"]},"sec_uid":"MS4wLjABAAAAk416nE5DzCo7SiXdYgV2bOK8OO8Edy432cNBeJy1_us","avatar_thumb":{"uri":"72a0002c8162384ba94f","url_list":["https://p29-dy.byteimg.com/aweme/100x100/72a0002c8162384ba94f.jpeg?from=4010531038","https://p26-dy.byteimg.com/aweme/100x100/72a0002c8162384ba94f.jpeg?from=4010531038","https://p6-dy-ipv6.byteimg.com/aweme/100x100/72a0002c8162384ba94f.jpeg?from=4010531038"]},"room_id":0,"original_musician":{"music_count":0,"music_used_count":0,"digg_count":0},"ins_id":"","youtube_channel_title":"","avatar_larger":{"url_list":["https://p29-dy.byteimg.com/aweme/1080x1080/72a0002c8162384ba94f.jpeg?from=4010531038","https://p6-dy-ipv6.byteimg.com/aweme/1080x1080/72a0002c8162384ba94f.jpeg?from=4010531038","https://p9-dy.byteimg.com/aweme/1080x1080/72a0002c8162384ba94f.jpeg?from=4010531038"],"uri":"72a0002c8162384ba94f"},"birthday":"1997-01-01","commerce_user_level":0,"city":"","signature":"一个专注试色的美妆博主\n一分钱都不许你多花\n任何售后问题👉颜九工作室（在关注里）\n就酱，啾咪～","video_icon":{"uri":"","url_list":[]},"with_fusion_shop_entry":true,"province":"","district":"","message_chat_entry":true,"secret":0,"follow_status":1,"enterprise_verify_reason":"","life_story_block":{"life_story_block":false},"r_fans_group_info":{},"avatar_300x300":{"uri":"72a0002c8162384ba94f","url_list":["https://p3-dy.byteimg.com/img/72a0002c8162384ba94f~c5_300x300.webp?from=4010531038","https://p6-dy-ipv6.byteimg.com/img/72a0002c8162384ba94f~c5_300x300.webp?from=4010531038","https://p29-dy.byteimg.com/img/72a0002c8162384ba94f~c5_300x300.webp?from=4010531038"]},"commerce_user_info":{"star_atlas":1,"show_star_atlas_cooperation":true,"has_ads_entry":true,"ad_revenue_rits":null},"recommend_user_reason_source":0,"short_id":"147104861","shop_micro_app":"","white_cover_url":[{"uri":"3173a000ae9384f297404","url_list":["https://p29-dy.byteimg.com/obj/3173a000ae9384f297404?from=1247829622","https://p6-dy-ipv6.byteimg.com/obj/3173a000ae9384f297404?from=1247829622","https://p3-dy.byteimg.com/obj/3173a000ae9384f297404?from=1247829622"]},{"uri":"318f1000413827e122102","url_list":["https://p3-dy.byteimg.com/obj/318f1000413827e122102?from=1247829622","https://p6-dy-ipv6.byteimg.com/obj/318f1000413827e122102?from=1247829622","https://p9-dy.byteimg.com/obj/318f1000413827e122102?from=1247829622"]}],"with_commerce_entry":true,"follower_count":8566510,"school_name":"","commerce_info":{"offline_info_list":[],"challenge_list":[]},"tab_settings":{"private_tab":{"show_private_tab":false,"private_tab_style":1}},"aweme_count":905,"video_cover":{},"following_count":27,"share_info":{"share_image_url":{"url_list":null},"bool_persist":1,"share_url":"www.iesdouyin.com/share/user/58651677044?u_code=1jf98imk4c1b&sec_uid=MS4wLjABAAAAk416nE5DzCo7SiXdYgV2bOK8OO8Edy432cNBeJy1_us","share_weibo_desc":" ","share_desc":"在抖音，记录美好生活！","share_title":"快来加入抖音，让你发现最有趣的我！","share_qrcode_url":{"uri":"4a7a0028fcda7a1eb65b","url_list":["https://p9-dy-ipv6.byteimg.com/obj/4a7a0028fcda7a1eb65b","https://p6-dy-ipv6.byteimg.com/obj/4a7a0028fcda7a1eb65b","https://p29-dy.byteimg.com/obj/4a7a0028fcda7a1eb65b"]}},"is_activity_user":false,"total_favorited":109942676,"verification_type":1,"followers_detail":[{"name":"抖音","icon":"http://p3.pstatp.com/origin/50ec00079b64de2050dc","fans_count":8566510,"open_url":"snssdk1128://user/profile/58651677044?","apple_id":"1142110895","download_url":"https://d.douyin.com/JsvN/","package_name":"com.ss.android.ugc.aweme","app_name":"aweme"},{"icon":"http://p3.pstatp.com/origin/50ed00079a1b6b8d1fb1","fans_count":283300,"open_url":"snssdk143://profile?uid=81354064730","apple_id":"529092160","download_url":"https://d.toutiao.com/YjjY/","package_name":"com.ss.android.article.news","app_name":"news_article","name":"头条"},{"apple_id":"1086047750","download_url":"http://d.huoshanzhibo.com/eFvB/","package_name":"com.ss.android.ugc.live","app_name":"live_stream","name":"抖音火山版","icon":"http://p3.pstatp.com/origin/2ea5c000abe106154adef","fans_count":0,"open_url":"snssdk1112://profile?id=0"}],"youtube_channel_id":"","twitter_name":"","avatar_168x168":{"uri":"72a0002c8162384ba94f","url_list":["https://p26-dy.byteimg.com/img/72a0002c8162384ba94f~c5_168x168.webp?from=4010531038","https://p6-dy-ipv6.byteimg.com/img/72a0002c8162384ba94f~c5_168x168.webp?from=4010531038","https://p29-dy.byteimg.com/img/72a0002c8162384ba94f~c5_168x168.webp?from=4010531038"]},"is_blocked":false,"gender":2}}
