{"status_code":0,"user":{"nickname":"涵涵的百宝屋","share_info":{"share_url":"www.iesdouyin.com/share/user/58518551358?u_code=1jf98imk4c1b&sec_uid=MS4wLjABAAAASNeqTcv2fwBReC_WEDHWAMXBq4bM_zKrCjBMuPMx85E","share_weibo_desc":" ","share_desc":"在抖音，记录美好生活！","share_title":"快来加入抖音，让你发现最有趣的我！","share_qrcode_url":{"uri":"6f96001c023c6f03c164","url_list":["https://p6-dy-ipv6.byteimg.com/obj/6f96001c023c6f03c164","https://p9-dy.byteimg.com/obj/6f96001c023c6f03c164","https://p3-dy.byteimg.com/obj/6f96001c023c6f03c164"]},"share_image_url":{"url_list":null},"bool_persist":1},"youtube_channel_id":"","follower_status":0,"r_fans_group_info":{},"avatar_300x300":{"uri":"1b58d0001a1efec9a5040","url_list":["https://p6-dy-ipv6.byteimg.com/img/1b58d0001a1efec9a5040~c5_300x300.webp?from=4010531038","https://p29-dy.byteimg.com/img/1b58d0001a1efec9a5040~c5_300x300.webp?from=4010531038","https://p3-dy.byteimg.com/img/1b58d0001a1efec9a5040~c5_300x300.webp?from=4010531038"]},"location":"铁岭","is_block":false,"mplatform_followers_count":84296,"sync_to_toutiao":0,"twitter_id":"","signature_language":"zh","verification_type":0,"original_musician":{"music_count":0,"music_used_count":0,"digg_count":0},"apple_account":0,"shop_micro_app":"","uid":"58518551358","aweme_count":183,"follower_count":84296,"white_cover_url":[{"uri":"2dc000005790900a2eed7","url_list":["https://p9-dy-ipv6.byteimg.com/obj/2dc000005790900a2eed7?from=1247829622","https://p3-dy.byteimg.com/obj/2dc000005790900a2eed7?from=1247829622","https://p6-dy-ipv6.byteimg.com/obj/2dc000005790900a2eed7?from=1247829622"]},{"url_list":["https://p6-dy-ipv6.byteimg.com/obj/318f1000413827e122102?from=1247829622","https://p3-dy.byteimg.com/obj/318f1000413827e122102?from=1247829622","https://p29-dy.byteimg.com/obj/318f1000413827e122102?from=1247829622"],"uri":"318f1000413827e122102"}],"enterprise_user_info":"{\"commerce_info\":{\"offline_info_list\":[],\"challenge_list\":[]},\"homepage_bottom_toast\":[],\"permissions\":[{\"Id\":3,\"Key\":\"ItemShop\",\"Name\":\"视频电商\",\"AppId\":1128,\"Status\":1,\"Extra\":null,\"Customization\":null,\"Parent\":0},{\"Id\":5,\"Key\":\"UserShop\",\"Name\":\"个人橱窗\",\"AppId\":1128,\"Status\":1,\"Extra\":null,\"Customization\":null,\"Parent\":0},{\"Id\":4,\"Key\":\"LiveShop\",\"Name\":\"直播电商\",\"AppId\":1128,\"Status\":1,\"Extra\":null,\"Customization\":null,\"Parent\":0}]}","youtube_channel_title":"","is_blocked":false,"forward_count":12,"is_gov_media_vip":false,"with_commerce_enterprise_tab_entry":false,"school_name":"","commerce_info":{"offline_info_list":[],"challenge_list":[]},"secret":0,"with_new_goods":false,"live_commerce":true,"country":"中国","follow_status":1,"commerce_user_level":0,"dongtai_count":195,"cover_url":[{"uri":"2dc000005790900a2eed7","url_list":["https://p9-dy-ipv6.byteimg.com/obj/2dc000005790900a2eed7?from=1247829622","https://p3-dy.byteimg.com/obj/2dc000005790900a2eed7?from=1247829622","https://p6-dy-ipv6.byteimg.com/obj/2dc000005790900a2eed7?from=1247829622"]},{"uri":"c8510002be9a3a61aad2","url_list":["https://p3-dy.byteimg.com/obj/c8510002be9a3a61aad2?from=1247829622","https://p9-dy.byteimg.com/obj/c8510002be9a3a61aad2?from=1247829622","https://p6-dy-ipv6.byteimg.com/obj/c8510002be9a3a61aad2?from=1247829622"]}],"is_star":false,"following_count":256,"unique_id":"kouhong521","with_commerce_entry":true,"commerce_user_info":{"has_ads_entry":false,"ad_revenue_rits":null},"birthday_hide_level":0,"tab_settings":{"private_tab":{"show_private_tab":false,"private_tab_style":1}},"is_activity_user":false,"show_favorite_list":true,"gender":2,"is_effect_artist":false,"life_story_block":{"life_story_block":false},"urge_detail":{"user_urged":0},"video_cover":{},"recommend_user_reason_source":0,"total_favorited":722492,"profile_tab_type":0,"watch_status":false,"recommend_reason_relation":"","avatar_medium":{"uri":"1b58d0001a1efec9a5040","url_list":["https://p29-dy.byteimg.com/aweme/720x720/1b58d0001a1efec9a5040.jpeg?from=4010531038","https://p9-dy.byteimg.com/aweme/720x720/1b58d0001a1efec9a5040.jpeg?from=4010531038","https://p26-dy.byteimg.com/aweme/720x720/1b58d0001a1efec9a5040.jpeg?from=4010531038"]},"room_id":0,"with_fusion_shop_entry":true,"city":"铁岭","iso_country_code":"","message_chat_entry":true,"short_id":"0","favoriting_count":2706,"ins_id":"","province":"辽宁","district":"","avatar_168x168":{"uri":"1b58d0001a1efec9a5040","url_list":["https://p9-dy.byteimg.com/img/1b58d0001a1efec9a5040~c5_168x168.webp?from=4010531038","https://p3-dy.byteimg.com/img/1b58d0001a1efec9a5040~c5_168x168.webp?from=4010531038","https://p6-dy-ipv6.byteimg.com/img/1b58d0001a1efec9a5040~c5_168x168.webp?from=4010531038"]},"signature":"dh12356\n备注来意🙆♀️","custom_verify":"","video_icon":{"uri":"","url_list":[]},"twitter_name":"","sec_uid":"MS4wLjABAAAASNeqTcv2fwBReC_WEDHWAMXBq4bM_zKrCjBMuPMx85E","avatar_larger":{"uri":"1b58d0001a1efec9a5040","url_list":["https://p3-dy.byteimg.com/aweme/1080x1080/1b58d0001a1efec9a5040.jpeg?from=4010531038","https://p26-dy.byteimg.com/aweme/1080x1080/1b58d0001a1efec9a5040.jpeg?from=4010531038","https://p9-dy.byteimg.com/aweme/1080x1080/1b58d0001a1efec9a5040.jpeg?from=4010531038"]},"birthday":"1998-01-01","followers_detail":[{"icon":"http://p3.pstatp.com/origin/50ec00079b64de2050dc","fans_count":84296,"open_url":"snssdk1128://user/profile/58518551358?","apple_id":"1142110895","download_url":"https://d.douyin.com/JsvN/","package_name":"com.ss.android.ugc.aweme","app_name":"aweme","name":"抖音"},{"apple_id":"529092160","download_url":"https://d.toutiao.com/YjjY/","package_name":"com.ss.android.article.news","app_name":"news_article","name":"头条","icon":"http://p3.pstatp.com/origin/50ed00079a1b6b8d1fb1","fans_count":0,"open_url":"snssdk143://profile?uid=0"},{"name":"抖音火山版","icon":"http://p3.pstatp.com/origin/2ea5c000abe106154adef","fans_count":0,"open_url":"snssdk1112://profile?id=0","apple_id":"1086047750","download_url":"http://d.huoshanzhibo.com/eFvB/","package_name":"com.ss.android.ugc.live","app_name":"live_stream"}],"avatar_thumb":{"uri":"1b58d0001a1efec9a5040","url_list":["https://p9-dy.byteimg.com/aweme/100x100/1b58d0001a1efec9a5040.jpeg?from=4010531038","https://p6-dy-ipv6.byteimg.com/aweme/100x100/1b58d0001a1efec9a5040.jpeg?from=4010531038","https://p29-dy.byteimg.com/aweme/100x100/1b58d0001a1efec9a5040.jpeg?from=4010531038"]},"enterprise_verify_reason":""},"extra":{"now":1594998049000},"log_pb":{"impr_id":"202007172300490101960230462E0FFA0C"}}
