{"status_code":0,"user":{"nickname":"小颠儿Kini","avatar_medium":{"uri":"2b24900023195196e87de","url_list":["https://p3-dy-ipv6.byteimg.com/aweme/720x720/2b24900023195196e87de.jpeg?from=4010531038","https://p6-dy-ipv6.byteimg.com/aweme/720x720/2b24900023195196e87de.jpeg?from=4010531038","https://p26-dy.byteimg.com/aweme/720x720/2b24900023195196e87de.jpeg?from=4010531038"]},"ins_id":"","city":"沈阳","avatar_168x168":{"url_list":["https://p3-dy.byteimg.com/img/2b24900023195196e87de~c5_168x168.webp?from=4010531038","https://p6-dy-ipv6.byteimg.com/img/2b24900023195196e87de~c5_168x168.webp?from=4010531038","https://p9-dy.byteimg.com/img/2b24900023195196e87de~c5_168x168.webp?from=4010531038"],"uri":"2b24900023195196e87de"},"commerce_user_info":{"has_ads_entry":false,"ad_revenue_rits":null,"star_atlas":1,"show_star_atlas_cooperation":true},"secret":0,"apple_account":0,"district":"","country":"中国","avatar_300x300":{"uri":"2b24900023195196e87de","url_list":["https://p3-dy-ipv6.byteimg.com/img/2b24900023195196e87de~c5_300x300.webp?from=4010531038","https://p26-dy.byteimg.com/img/2b24900023195196e87de~c5_300x300.webp?from=4010531038","https://p9-dy.byteimg.com/img/2b24900023195196e87de~c5_300x300.webp?from=4010531038"]},"is_block":false,"commerce_info":{"offline_info_list":[],"challenge_list":[]},"twitter_id":"","with_new_goods":false,"province":"辽宁","r_fans_group_info":{},"location":"沈阳","room_id":0,"youtube_channel_title":"","gender":1,"avatar_larger":{"uri":"2b24900023195196e87de","url_list":["https://p29-dy.byteimg.com/aweme/1080x1080/2b24900023195196e87de.jpeg?from=4010531038","https://p26-dy.byteimg.com/aweme/1080x1080/2b24900023195196e87de.jpeg?from=4010531038","https://p9-dy.byteimg.com/aweme/1080x1080/2b24900023195196e87de.jpeg?from=4010531038"]},"watch_status":false,"is_effect_artist":false,"enterprise_user_info":"{\"commerce_info\":{\"offline_info_list\":[],\"challenge_list\":[]},\"homepage_bottom_toast\":[],\"permissions\":[{\"Id\":5,\"Key\":\"UserShop\",\"Name\":\"个人橱窗\",\"AppId\":1128,\"Status\":1,\"Extra\":null,\"Customization\":null,\"Parent\":0},{\"Id\":4,\"Key\":\"LiveShop\",\"Name\":\"直播电商\",\"AppId\":1128,\"Status\":1,\"Extra\":null,\"Customization\":null,\"Parent\":0},{\"Id\":3,\"Key\":\"ItemShop\",\"Name\":\"视频电商\",\"AppId\":1128,\"Status\":1,\"Extra\":null,\"Customization\":null,\"Parent\":0}]}","signature":"每日18:00左右更新\n1.护肤彩妆大干货&真好物推荐\n2.混油皮黄二白，天然脸爱唱歌讲相声\n3.十年专业美妆师/护肤达人/Muf 全球品牌挚友\n4.护肤➕美妆问题我都会看，我们会越来越好的\n全网同名：小颠儿kini\n商V合作：ekswhz100备注品牌","avatar_thumb":{"uri":"2b24900023195196e87de","url_list":["https://p26-dy.byteimg.com/aweme/100x100/2b24900023195196e87de.jpeg?from=4010531038","https://p9-dy.byteimg.com/aweme/100x100/2b24900023195196e87de.jpeg?from=4010531038","https://p6-dy-ipv6.byteimg.com/aweme/100x100/2b24900023195196e87de.jpeg?from=4010531038"]},"is_gov_media_vip":false,"tab_settings":{"private_tab":{"show_private_tab":false,"private_tab_style":1}},"twitter_name":"","iso_country_code":"CN","is_star":false,"urge_detail":{"user_urged":0},"white_cover_url":[{"uri":"f689001b89d8f92bd5ac","url_list":["https://p3-dy.byteimg.com/obj/f689001b89d8f92bd5ac?from=1247829622","https://p9-dy.byteimg.com/obj/f689001b89d8f92bd5ac?from=1247829622","https://p29-dy.byteimg.com/obj/f689001b89d8f92bd5ac?from=1247829622"]},{"uri":"318f1000413827e122102","url_list":["https://p3-dy.byteimg.com/obj/318f1000413827e122102?from=1247829622","https://p29-dy.byteimg.com/obj/318f1000413827e122102?from=1247829622","https://p9-dy.byteimg.com/obj/318f1000413827e122102?from=1247829622"]}],"live_commerce":true,"cover_url":[{"uri":"f689001b89d8f92bd5ac","url_list":["https://p3-dy.byteimg.com/obj/f689001b89d8f92bd5ac?from=1247829622","https://p9-dy.byteimg.com/obj/f689001b89d8f92bd5ac?from=1247829622","https://p29-dy.byteimg.com/obj/f689001b89d8f92bd5ac?from=1247829622"]},{"uri":"c8510002be9a3a61aad2","url_list":["https://p3-dy.byteimg.com/obj/c8510002be9a3a61aad2?from=1247829622","https://p29-dy.byteimg.com/obj/c8510002be9a3a61aad2?from=1247829622","https://p9-dy.byteimg.com/obj/c8510002be9a3a61aad2?from=1247829622"]}],"recommend_reason_relation":"","is_blocked":false,"birthday_hide_level":0,"message_chat_entry":true,"recommend_user_reason_source":0,"favoriting_count":30,"enterprise_verify_reason":"","with_commerce_enterprise_tab_entry":false,"sec_uid":"MS4wLjABAAAAWBSx4cu0e00ACIGFx2f0BYZjc6Wi35fXK-rbOL1QOsE","birthday":"1990-01-01","original_musician":{"music_used_count":0,"digg_count":0,"music_count":0},"video_icon":{"uri":"","url_list":[]},"is_activity_user":false,"forward_count":2,"short_id":"0","total_favorited":18322420,"with_commerce_entry":true,"mplatform_followers_count":2131548,"followers_detail":[{"name":"抖音","icon":"http://p3.pstatp.com/origin/50ec00079b64de2050dc","fans_count":1960917,"open_url":"snssdk1128://user/profile/68277686852?","apple_id":"1142110895","download_url":"https://d.douyin.com/JsvN/","package_name":"com.ss.android.ugc.aweme","app_name":"aweme"},{"download_url":"https://d.toutiao.com/YjjY/","package_name":"com.ss.android.article.news","app_name":"news_article","name":"头条","icon":"http://p3.pstatp.com/origin/50ed00079a1b6b8d1fb1","fans_count":107491,"open_url":"snssdk143://profile?uid=93562424076","apple_id":"529092160"},{"app_name":"live_stream","name":"抖音火山版","icon":"http://p3.pstatp.com/origin/2ea5c000abe106154adef","fans_count":63140,"open_url":"snssdk1112://profile?id=4503667905057348","apple_id":"1086047750","download_url":"http://d.huoshanzhibo.com/eFvB/","package_name":"com.ss.android.ugc.live"}],"dongtai_count":499,"signature_language":"zh","profile_tab_type":0,"follow_status":1,"follower_count":1960917,"school_name":"","verification_type":1,"sync_to_toutiao":1,"commerce_user_level":0,"follower_status":0,"life_story_block":{"life_story_block":false},"uid":"68277686852","share_info":{"share_qrcode_url":{"uri":"4d56002217489d8ce47b","url_list":["https://p26-dy.byteimg.com/obj/4d56002217489d8ce47b","https://p9-dy.byteimg.com/obj/4d56002217489d8ce47b","https://p3-dy.byteimg.com/obj/4d56002217489d8ce47b"]},"share_image_url":{"url_list":null},"bool_persist":1,"share_url":"www.iesdouyin.com/share/user/68277686852?u_code=1jf98imk4c1b&sec_uid=MS4wLjABAAAAWBSx4cu0e00ACIGFx2f0BYZjc6Wi35fXK-rbOL1QOsE","share_weibo_desc":" ","share_desc":"在抖音，记录美好生活！","share_title":"快来加入抖音，让你发现最有趣的我！"},"aweme_count":497,"following_count":1,"custom_verify":"优质视频创作者","video_cover":{},"unique_id":"xiaodianer333","youtube_channel_id":"","with_fusion_shop_entry":true,"shop_micro_app":"","show_favorite_list":true},"extra":{"now":1594825229000},"log_pb":{"impr_id":"202007152300280100120340671149E3C3"}}
