{"log_pb":{"impr_id":"20200716232900010014040037273C6E42"},"status_code":0,"user":{"avatar_larger":{"uri":"bdc1001c296782606bc3","url_list":["https://p3-dy.byteimg.com/aweme/1080x1080/bdc1001c296782606bc3.jpeg?from=4010531038","https://p26-dy.byteimg.com/aweme/1080x1080/bdc1001c296782606bc3.jpeg?from=4010531038","https://p29-dy.byteimg.com/aweme/1080x1080/bdc1001c296782606bc3.jpeg?from=4010531038"]},"secret":0,"r_fans_group_info":{},"follow_status":1,"with_commerce_entry":true,"video_cover":{},"is_activity_user":false,"aweme_count":322,"ins_id":"","follower_status":0,"cover_url":[{"url_list":["https://p6-dy-ipv6.byteimg.com/obj/c8510002be9a3a61aad2?from=1247829622","https://p3-dy.byteimg.com/obj/c8510002be9a3a61aad2?from=1247829622","https://p26-dy.byteimg.com/obj/c8510002be9a3a61aad2?from=1247829622"],"uri":"c8510002be9a3a61aad2"}],"is_effect_artist":false,"shop_micro_app":"","commerce_user_info":{"has_ads_entry":true,"ad_revenue_rits":null},"birthday_hide_level":0,"school_name":"","twitter_name":"","room_id":0,"twitter_id":"","iso_country_code":"","avatar_168x168":{"url_list":["https://p26-dy.byteimg.com/img/bdc1001c296782606bc3~c5_168x168.webp?from=4010531038","https://p29-dy.byteimg.com/img/bdc1001c296782606bc3~c5_168x168.webp?from=4010531038","https://p3-dy.byteimg.com/img/bdc1001c296782606bc3~c5_168x168.webp?from=4010531038"],"uri":"bdc1001c296782606bc3"},"recommend_user_reason_source":0,"uid":"98039586333","favoriting_count":1333,"urge_detail":{"user_urged":0},"commerce_permissions":{"enterprise":1,"head_image":1},"nickname":"洋江化妆品店","original_musician":{"music_count":0,"music_used_count":0,"digg_count":0},"with_fusion_shop_entry":true,"province":"陕西","district":"","forward_count":2,"gender":2,"verification_type":0,"apple_account":0,"country":"中国","profile_tab_type":5,"is_star":false,"sec_uid":"MS4wLjABAAAA_MeDnSwHFVHoqywszxIlN54VkAIjQH7fhj4iog_vCsw","show_favorite_list":true,"avatar_medium":{"url_list":["https://p3-dy.byteimg.com/aweme/720x720/bdc1001c296782606bc3.jpeg?from=4010531038","https://p6-dy-ipv6.byteimg.com/aweme/720x720/bdc1001c296782606bc3.jpeg?from=4010531038","https://p9-dy.byteimg.com/aweme/720x720/bdc1001c296782606bc3.jpeg?from=4010531038"],"uri":"bdc1001c296782606bc3"},"sync_to_toutiao":1,"message_chat_entry":true,"enterprise_user_info":"{\"commerce_info\":{\"offline_info_list\":[{\"offline_info_type\":3,\"text\":\"联系电话\",\"action\":\"18092157342\",\"link_type\":\"phone\"}],\"challenge_list\":[]},\"homepage_bottom_toast\":[],\"tab_settings\":{\"enterprise_tab\":{\"title\":\"商品\",\"tab_type\":1,\"show_tab_settings\":true,\"tab_link\":\"aweme://webview/?url=https%3A%2F%2Faweme.snssdk.com%2Finsights%2Frn%2Fcustomized_tab%2F%3Floading_bgcolor%3D161823%26isDegraded%3D1%26hide_nav_bar%3D1%26enter_from%3Dprofile%26page_enabled%3D1%26page_priority%3D1%26template_id%3D1%26record_id%3D1%26is_owner%3D0%26sec_to_user_id%3DMS4wLjABAAAA_MeDnSwHFVHoqywszxIlN54VkAIjQH7fhj4iog_vCsw%26to_user_id%3D98039586333%26business_type%3D1\\u0026rn_schema=aweme%3A%2F%2Freactnative%2F%3Fchannel%3Dmp_lynx_customized_tab%26bundle%3Dindex.js%26%26module_name%3Dpage_customized_tab%26loading_bgcolor%3D161823%26hide_nav_bar%3D1%26enter_from%3Dprofile%26page_enabled%3D1%26page_priority%3D1%26template_id%3D1%26record_id%3D1%26is_owner%3D0%26sec_to_user_id%3DMS4wLjABAAAA_MeDnSwHFVHoqywszxIlN54VkAIjQH7fhj4iog_vCsw%26to_user_id%3D98039586333%26business_type%3D1\"}},\"profile_tab_type\":5,\"permissions\":[{\"Id\":3,\"Key\":\"ItemShop\",\"Name\":\"视频电商\",\"AppId\":1128,\"Status\":1,\"Extra\":null,\"Customization\":null,\"Parent\":0},{\"Id\":4,\"Key\":\"LiveShop\",\"Name\":\"直播电商\",\"AppId\":1128,\"Status\":1,\"Extra\":null,\"Customization\":null,\"Parent\":0},{\"Id\":37,\"Key\":\"HeadImage\",\"Name\":\"商家头图\",\"AppId\":1128,\"Status\":1,\"Extra\":null,\"Customization\":null,\"Parent\":0},{\"Id\":81,\"Key\":\"Enterprise\",\"Name\":\"企业权限标识\",\"AppId\":1128,\"Status\":1,\"Extra\":null,\"Customization\":null,\"Parent\":0},{\"Id\":5,\"Key\":\"UserShop\",\"Name\":\"个人橱窗\",\"AppId\":1128,\"Status\":1,\"Extra\":null,\"Customization\":null,\"Parent\":0}]}","custom_verify":"","with_new_goods":false,"avatar_300x300":{"uri":"bdc1001c296782606bc3","url_list":["https://p29-dy.byteimg.com/img/bdc1001c296782606bc3~c5_300x300.webp?from=4010531038","https://p3-dy.byteimg.com/img/bdc1001c296782606bc3~c5_300x300.webp?from=4010531038","https://p6-dy-ipv6.byteimg.com/img/bdc1001c296782606bc3~c5_300x300.webp?from=4010531038"]},"signature_language":"zh","tab_settings":{"enterprise_tab":{"title":"商品","tab_type":1,"show_tab_settings":true,"tab_link":"aweme://webview/?url=https%3A%2F%2Faweme.snssdk.com%2Finsights%2Frn%2Fcustomized_tab%2F%3Floading_bgcolor%3D161823%26isDegraded%3D1%26hide_nav_bar%3D1%26enter_from%3Dprofile%26page_enabled%3D1%26page_priority%3D1%26template_id%3D1%26record_id%3D1%26is_owner%3D0%26sec_to_user_id%3DMS4wLjABAAAA_MeDnSwHFVHoqywszxIlN54VkAIjQH7fhj4iog_vCsw%26to_user_id%3D98039586333%26business_type%3D1&rn_schema=aweme%3A%2F%2Freactnative%2F%3Fchannel%3Dmp_lynx_customized_tab%26bundle%3Dindex.js%26%26module_name%3Dpage_customized_tab%26loading_bgcolor%3D161823%26hide_nav_bar%3D1%26enter_from%3Dprofile%26page_enabled%3D1%26page_priority%3D1%26template_id%3D1%26record_id%3D1%26is_owner%3D0%26sec_to_user_id%3DMS4wLjABAAAA_MeDnSwHFVHoqywszxIlN54VkAIjQH7fhj4iog_vCsw%26to_user_id%3D98039586333%26business_type%3D1"},"private_tab":{"show_private_tab":false,"private_tab_style":1}},"short_id":"905828083","unique_id":"","with_commerce_enterprise_tab_entry":false,"total_favorited":215589,"recommend_reason_relation":"","enterprise_verify_reason":"洋江化妆品官方账号","mplatform_followers_count":29818,"is_blocked":false,"white_cover_url":[{"uri":"318f1000413827e122102","url_list":["https://p9-dy.byteimg.com/obj/318f1000413827e122102?from=1247829622","https://p6-dy-ipv6.byteimg.com/obj/318f1000413827e122102?from=1247829622","https://p3-dy.byteimg.com/obj/318f1000413827e122102?from=1247829622"]}],"signature":"🌻年轻的时候绝不选择安逸\n❤18092157342\n合作请请私信❤","birthday":"","youtube_channel_id":"","is_gov_media_vip":false,"dongtai_count":324,"live_commerce":true,"watch_status":false,"life_story_block":{"life_story_block":false},"following_count":65,"share_info":{"share_title":"快来加入抖音，让你发现最有趣的我！","share_qrcode_url":{"uri":"80e8000b7c8f1f7bb340","url_list":["https://p9-dy-ipv6.byteimg.com/obj/80e8000b7c8f1f7bb340","https://p3-dy.byteimg.com/obj/80e8000b7c8f1f7bb340","https://p29-dy.byteimg.com/obj/80e8000b7c8f1f7bb340"]},"share_image_url":{"url_list":null},"bool_persist":1,"share_url":"www.iesdouyin.com/share/user/98039586333?u_code=1jf98imk4c1b&sec_uid=MS4wLjABAAAA_MeDnSwHFVHoqywszxIlN54VkAIjQH7fhj4iog_vCsw","share_weibo_desc":" ","share_desc":"在抖音，记录美好生活！"},"commerce_user_level":1,"commerce_info":{"offline_info_list":[{"offline_info_type":3,"text":"联系电话","action":"18092157342","link_type":"phone"}],"challenge_list":[]},"video_icon":{"uri":"","url_list":[]},"youtube_channel_title":"","follower_count":27349,"is_block":false,"city":"宝鸡","location":"宝鸡","avatar_thumb":{"uri":"bdc1001c296782606bc3","url_list":["https://p3-dy.byteimg.com/aweme/100x100/bdc1001c296782606bc3.jpeg?from=4010531038","https://p9-dy.byteimg.com/aweme/100x100/bdc1001c296782606bc3.jpeg?from=4010531038","https://p26-dy.byteimg.com/aweme/100x100/bdc1001c296782606bc3.jpeg?from=4010531038"]},"followers_detail":[{"name":"抖音","icon":"http://p3.pstatp.com/origin/50ec00079b64de2050dc","fans_count":27349,"open_url":"snssdk1128://user/profile/98039586333?","apple_id":"1142110895","download_url":"https://d.douyin.com/JsvN/","package_name":"com.ss.android.ugc.aweme","app_name":"aweme"},{"download_url":"https://d.toutiao.com/YjjY/","package_name":"com.ss.android.article.news","app_name":"news_article","name":"头条","icon":"http://p3.pstatp.com/origin/50ed00079a1b6b8d1fb1","fans_count":2469,"open_url":"snssdk143://profile?uid=105573629193","apple_id":"529092160"},{"name":"抖音火山版","icon":"http://p3.pstatp.com/origin/2ea5c000abe106154adef","fans_count":0,"open_url":"snssdk1112://profile?id=4503697666956829","apple_id":"1086047750","download_url":"http://d.huoshanzhibo.com/eFvB/","package_name":"com.ss.android.ugc.live","app_name":"live_stream"}]},"extra":{"now":1594913340000}}
