{"status_code":0,"user":{"twitter_id":"","cover_url":[{"uri":"2d1610001212f8e7ccc73","url_list":["https://p9-dy.byteimg.com/obj/2d1610001212f8e7ccc73?from=1247829622","https://p29-dy.byteimg.com/obj/2d1610001212f8e7ccc73?from=1247829622","https://p6-dy-ipv6.byteimg.com/obj/2d1610001212f8e7ccc73?from=1247829622"]},{"uri":"c8510002be9a3a61aad2","url_list":["https://p3-dy.byteimg.com/obj/c8510002be9a3a61aad2?from=1247829622","https://p9-dy.byteimg.com/obj/c8510002be9a3a61aad2?from=1247829622","https://p29-dy.byteimg.com/obj/c8510002be9a3a61aad2?from=1247829622"]}],"recommend_reason_relation":"","is_blocked":false,"commerce_permissions":{"enterprise":1},"enterprise_user_info":"{\"commerce_info\":{\"offline_info_list\":[],\"challenge_list\":[]},\"homepage_bottom_toast\":[],\"permissions\":[{\"Id\":81,\"Key\":\"Enterprise\",\"Name\":\"企业权限标识\",\"AppId\":1128,\"Status\":1,\"Extra\":null,\"Customization\":null,\"Parent\":0},{\"Id\":3,\"Key\":\"ItemShop\",\"Name\":\"视频电商\",\"AppId\":1128,\"Status\":1,\"Extra\":null,\"Customization\":null,\"Parent\":0},{\"Id\":5,\"Key\":\"UserShop\",\"Name\":\"个人橱窗\",\"AppId\":1128,\"Status\":1,\"Extra\":null,\"Customization\":null,\"Parent\":0},{\"Id\":4,\"Key\":\"LiveShop\",\"Name\":\"直播电商\",\"AppId\":1128,\"Status\":1,\"Extra\":null,\"Customization\":null,\"Parent\":0}]}","nickname":"宵夜大哥","follow_status":1,"custom_verify":"","twitter_name":"","profile_tab_type":0,"avatar_larger":{"uri":"30ee300037180fa1a3820","url_list":["https://p29-dy.byteimg.com/aweme/1080x1080/30ee300037180fa1a3820.jpeg?from=4010531038","https://p9-dy.byteimg.com/aweme/1080x1080/30ee300037180fa1a3820.jpeg?from=4010531038","https://p26-dy.byteimg.com/aweme/1080x1080/30ee300037180fa1a3820.jpeg?from=4010531038"]},"commerce_info":{"challenge_list":[],"offline_info_list":[]},"signature_language":"zh","tab_settings":{"private_tab":{"show_private_tab":false,"private_tab_style":1}},"uid":"2774774354809566","signature":"大家好我是宵夜札札\n一个不入流的伪分享博主\nwb：宵夜大哥\n粉丝v：xiaoyezhazha02\n合作v：xyjh20190410","verification_type":0,"r_fans_group_info":{},"show_favorite_list":true,"sync_to_toutiao":0,"district":"","with_commerce_enterprise_tab_entry":false,"urge_detail":{"user_urged":0},"location":"杭州","room_id":0,"share_info":{"share_qrcode_url":{"url_list":["https://p3-dy-ipv6.byteimg.com/obj/2d004000101d73d33eb72","https://p9-dy.byteimg.com/obj/2d004000101d73d33eb72","https://p29-dy.byteimg.com/obj/2d004000101d73d33eb72"],"uri":"2d004000101d73d33eb72"},"share_image_url":{"url_list":null},"bool_persist":1,"share_url":"www.iesdouyin.com/share/user/2774774354809566?u_code=1jf98imk4c1b&sec_uid=MS4wLjABAAAAEHOngzwEpo9en_Gnh0r8t1hkkCY0IOiNwxSEXLVZhUkAYwcUxF4vzxlnZLcyL0VQ","share_weibo_desc":" ","share_desc":"在抖音，记录美好生活！","share_title":"快来加入抖音，让你发现最有趣的我！"},"mplatform_followers_count":540884,"life_story_block":{"life_story_block":false},"video_icon":{"uri":"","url_list":[]},"ins_id":"","dongtai_count":94,"is_star":false,"short_id":"0","avatar_thumb":{"uri":"30ee300037180fa1a3820","url_list":["https://p1-dy-ipv6.byteimg.com/aweme/100x100/30ee300037180fa1a3820.jpeg?from=4010531038","https://p3-dy.byteimg.com/aweme/100x100/30ee300037180fa1a3820.jpeg?from=4010531038","https://p29-dy.byteimg.com/aweme/100x100/30ee300037180fa1a3820.jpeg?from=4010531038"]},"followers_detail":[{"open_url":"snssdk1128://user/profile/2774774354809566?","apple_id":"1142110895","download_url":"https://d.douyin.com/JsvN/","package_name":"com.ss.android.ugc.aweme","app_name":"aweme","name":"抖音","icon":"http://p3.pstatp.com/origin/50ec00079b64de2050dc","fans_count":540884},{"fans_count":0,"open_url":"snssdk143://profile?uid=0","apple_id":"529092160","download_url":"https://d.toutiao.com/YjjY/","package_name":"com.ss.android.article.news","app_name":"news_article","name":"头条","icon":"http://p3.pstatp.com/origin/50ed00079a1b6b8d1fb1"},{"icon":"http://p3.pstatp.com/origin/2ea5c000abe106154adef","fans_count":0,"open_url":"snssdk1112://profile?id=0","apple_id":"1086047750","download_url":"http://d.huoshanzhibo.com/eFvB/","package_name":"com.ss.android.ugc.live","app_name":"live_stream","name":"抖音火山版"}],"country":"中国","birthday":"1998-01-01","aweme_count":79,"is_block":false,"youtube_channel_id":"","recommend_user_reason_source":0,"gender":2,"avatar_medium":{"uri":"30ee300037180fa1a3820","url_list":["https://p9-dy.byteimg.com/aweme/720x720/30ee300037180fa1a3820.jpeg?from=4010531038","https://p6-dy-ipv6.byteimg.com/aweme/720x720/30ee300037180fa1a3820.jpeg?from=4010531038","https://p26-dy.byteimg.com/aweme/720x720/30ee300037180fa1a3820.jpeg?from=4010531038"]},"enterprise_verify_reason":"","live_commerce":true,"avatar_300x300":{"uri":"30ee300037180fa1a3820","url_list":["https://p9-dy.byteimg.com/img/30ee300037180fa1a3820~c5_300x300.webp?from=4010531038","https://p6-dy-ipv6.byteimg.com/img/30ee300037180fa1a3820~c5_300x300.webp?from=4010531038","https://p1-dy.byteimg.com/img/30ee300037180fa1a3820~c5_300x300.webp?from=4010531038"]},"commerce_user_info":{"show_star_atlas_cooperation":true,"has_ads_entry":true,"ad_revenue_rits":null,"star_atlas":1},"forward_count":15,"following_count":10,"follower_count":540884,"secret":0,"with_fusion_shop_entry":true,"follower_status":0,"avatar_168x168":{"uri":"30ee300037180fa1a3820","url_list":["https://p9-dy-ipv6.byteimg.com/img/30ee300037180fa1a3820~c5_168x168.webp?from=4010531038","https://p6-dy-ipv6.byteimg.com/img/30ee300037180fa1a3820~c5_168x168.webp?from=4010531038","https://p26-dy.byteimg.com/img/30ee300037180fa1a3820~c5_168x168.webp?from=4010531038"]},"sec_uid":"MS4wLjABAAAAEHOngzwEpo9en_Gnh0r8t1hkkCY0IOiNwxSEXLVZhUkAYwcUxF4vzxlnZLcyL0VQ","is_gov_media_vip":false,"with_new_goods":false,"iso_country_code":"","video_cover":{},"white_cover_url":[{"uri":"2d1610001212f8e7ccc73","url_list":["https://p9-dy.byteimg.com/obj/2d1610001212f8e7ccc73?from=1247829622","https://p29-dy.byteimg.com/obj/2d1610001212f8e7ccc73?from=1247829622","https://p6-dy-ipv6.byteimg.com/obj/2d1610001212f8e7ccc73?from=1247829622"]},{"uri":"318f1000413827e122102","url_list":["https://p26-dy.byteimg.com/obj/318f1000413827e122102?from=1247829622","https://p6-dy-ipv6.byteimg.com/obj/318f1000413827e122102?from=1247829622","https://p3-dy.byteimg.com/obj/318f1000413827e122102?from=1247829622"]}],"favoriting_count":406,"school_name":"","original_musician":{"digg_count":0,"music_count":0,"music_used_count":0},"apple_account":0,"province":"浙江","watch_status":false,"shop_micro_app":"","with_commerce_entry":true,"commerce_user_level":0,"youtube_channel_title":"","birthday_hide_level":0,"message_chat_entry":true,"total_favorited":5333022,"unique_id":"dywdnzg6pbaj","city":"杭州","is_effect_artist":false,"is_activity_user":false},"extra":{"now":1594913415000},"log_pb":{"impr_id":"202007162330150101960242033537CFF2"}}
