{"status_code":0,"user":{"favoriting_count":30,"unique_id":"xiaodianer333","life_story_block":{"life_story_block":false},"show_favorite_list":true,"country":"中国","r_fans_group_info":{},"is_blocked":false,"forward_count":2,"birthday":"1990-01-01","twitter_name":"","avatar_thumb":{"uri":"2b24900023195196e87de","url_list":["https://p9-dy.byteimg.com/aweme/100x100/2b24900023195196e87de.jpeg?from=4010531038","https://p29-dy.byteimg.com/aweme/100x100/2b24900023195196e87de.jpeg?from=4010531038","https://p3-dy.byteimg.com/aweme/100x100/2b24900023195196e87de.jpeg?from=4010531038"]},"aweme_count":496,"verification_type":1,"followers_detail":[{"name":"抖音","icon":"http://p3.pstatp.com/origin/50ec00079b64de2050dc","fans_count":1960255,"open_url":"snssdk1128://user/profile/68277686852?","apple_id":"1142110895","download_url":"https://d.douyin.com/JsvN/","package_name":"com.ss.android.ugc.aweme","app_name":"aweme"},{"app_name":"news_article","name":"头条","icon":"http://p3.pstatp.com/origin/50ed00079a1b6b8d1fb1","fans_count":107538,"open_url":"snssdk143://profile?uid=93562424076","apple_id":"529092160","download_url":"https://d.toutiao.com/YjjY/","package_name":"com.ss.android.article.news"},{"download_url":"http://d.huoshanzhibo.com/eFvB/","package_name":"com.ss.android.ugc.live","app_name":"live_stream","name":"抖音火山版","icon":"http://p3.pstatp.com/origin/2ea5c000abe106154adef","fans_count":63130,"open_url":"snssdk1112://profile?id=4503667905057348","apple_id":"1086047750"}],"with_fusion_shop_entry":true,"uid":"68277686852","avatar_larger":{"uri":"2b24900023195196e87de","url_list":["https://p9-dy.byteimg.com/aweme/1080x1080/2b24900023195196e87de.jpeg?from=4010531038","https://p6-dy-ipv6.byteimg.com/aweme/1080x1080/2b24900023195196e87de.jpeg?from=4010531038","https://p3-dy.byteimg.com/aweme/1080x1080/2b24900023195196e87de.jpeg?from=4010531038"]},"commerce_info":{"offline_info_list":[],"challenge_list":[]},"with_new_goods":false,"is_activity_user":false,"enterprise_user_info":"{\"commerce_info\":{\"offline_info_list\":[],\"challenge_list\":[]},\"homepage_bottom_toast\":[],\"permissions\":[{\"Id\":3,\"Key\":\"ItemShop\",\"Name\":\"视频电商\",\"AppId\":1128,\"Status\":1,\"Extra\":null,\"Customization\":null,\"Parent\":0},{\"Id\":5,\"Key\":\"UserShop\",\"Name\":\"个人橱窗\",\"AppId\":1128,\"Status\":1,\"Extra\":null,\"Customization\":null,\"Parent\":0},{\"Id\":4,\"Key\":\"LiveShop\",\"Name\":\"直播电商\",\"AppId\":1128,\"Status\":1,\"Extra\":null,\"Customization\":null,\"Parent\":0}]}","commerce_user_info":{"show_star_atlas_cooperation":true,"has_ads_entry":false,"ad_revenue_rits":null,"star_atlas":1},"short_id":"0","nickname":"小颠儿Kini","follower_count":1960255,"is_block":false,"room_id":0,"video_icon":{"uri":"","url_list":[]},"cover_url":[{"uri":"f689001b89d8f92bd5ac","url_list":["https://p3-dy.byteimg.com/obj/f689001b89d8f92bd5ac?from=1247829622","https://p9-dy.byteimg.com/obj/f689001b89d8f92bd5ac?from=1247829622","https://p29-dy.byteimg.com/obj/f689001b89d8f92bd5ac?from=1247829622"]},{"uri":"c8510002be9a3a61aad2","url_list":["https://p3-dy.byteimg.com/obj/c8510002be9a3a61aad2?from=1247829622","https://p6-dy-ipv6.byteimg.com/obj/c8510002be9a3a61aad2?from=1247829622","https://p9-dy.byteimg.com/obj/c8510002be9a3a61aad2?from=1247829622"]}],"recommend_user_reason_source":0,"gender":1,"secret":0,"twitter_id":"","with_commerce_enterprise_tab_entry":false,"with_commerce_entry":true,"original_musician":{"music_count":0,"music_used_count":0,"digg_count":0},"ins_id":"","apple_account":0,"is_gov_media_vip":false,"city":"沈阳","profile_tab_type":0,"follower_status":0,"recommend_reason_relation":"","custom_verify":"优质视频创作者","school_name":"","district":"","urge_detail":{"user_urged":0},"video_cover":{},"following_count":1,"province":"辽宁","is_star":false,"tab_settings":{"private_tab":{"show_private_tab":false,"private_tab_style":1}},"white_cover_url":[{"uri":"f689001b89d8f92bd5ac","url_list":["https://p3-dy.byteimg.com/obj/f689001b89d8f92bd5ac?from=1247829622","https://p9-dy.byteimg.com/obj/f689001b89d8f92bd5ac?from=1247829622","https://p29-dy.byteimg.com/obj/f689001b89d8f92bd5ac?from=1247829622"]},{"uri":"318f1000413827e122102","url_list":["https://p9-dy.byteimg.com/obj/318f1000413827e122102?from=1247829622","https://p6-dy-ipv6.byteimg.com/obj/318f1000413827e122102?from=1247829622","https://p3-dy.byteimg.com/obj/318f1000413827e122102?from=1247829622"]}],"mplatform_followers_count":2130923,"sync_to_toutiao":1,"watch_status":false,"signature_language":"zh","birthday_hide_level":0,"message_chat_entry":true,"signature":"每日18:00左右更新\n1.护肤彩妆大干货&真好物推荐\n2.混油皮黄二白，天然脸爱唱歌讲相声\n3.十年专业美妆师/护肤达人/Muf 全球品牌挚友\n4.护肤➕美妆问题我都会看，我们会越来越好的\n全网同名：小颠儿kini\n商V合作：ekswhz100备注品牌","enterprise_verify_reason":"","dongtai_count":498,"is_effect_artist":false,"avatar_300x300":{"uri":"2b24900023195196e87de","url_list":["https://p26-dy.byteimg.com/img/2b24900023195196e87de~c5_300x300.webp?from=4010531038","https://p6-dy-ipv6.byteimg.com/img/2b24900023195196e87de~c5_300x300.webp?from=4010531038","https://p29-dy.byteimg.com/img/2b24900023195196e87de~c5_300x300.webp?from=4010531038"]},"shop_micro_app":"","location":"沈阳","share_info":{"share_qrcode_url":{"uri":"4d56002217489d8ce47b","url_list":["https://p26-dy.byteimg.com/obj/4d56002217489d8ce47b","https://p29-dy.byteimg.com/obj/4d56002217489d8ce47b","https://p6-dy-ipv6.byteimg.com/obj/4d56002217489d8ce47b"]},"share_image_url":{"url_list":null},"bool_persist":1,"share_url":"www.iesdouyin.com/share/user/68277686852?u_code=1jf98imk4c1b&sec_uid=MS4wLjABAAAAWBSx4cu0e00ACIGFx2f0BYZjc6Wi35fXK-rbOL1QOsE","share_weibo_desc":" ","share_desc":"在抖音，记录美好生活！","share_title":"快来加入抖音，让你发现最有趣的我！"},"commerce_user_level":0,"youtube_channel_id":"","live_commerce":true,"avatar_168x168":{"uri":"2b24900023195196e87de","url_list":["https://p3-dy.byteimg.com/img/2b24900023195196e87de~c5_168x168.webp?from=4010531038","https://p6-dy-ipv6.byteimg.com/img/2b24900023195196e87de~c5_168x168.webp?from=4010531038","https://p9-dy.byteimg.com/img/2b24900023195196e87de~c5_168x168.webp?from=4010531038"]},"sec_uid":"MS4wLjABAAAAWBSx4cu0e00ACIGFx2f0BYZjc6Wi35fXK-rbOL1QOsE","avatar_medium":{"uri":"2b24900023195196e87de","url_list":["https://p1-dy-ipv6.byteimg.com/aweme/720x720/2b24900023195196e87de.jpeg?from=4010531038","https://p3-dy.byteimg.com/aweme/720x720/2b24900023195196e87de.jpeg?from=4010531038","https://p26-dy.byteimg.com/aweme/720x720/2b24900023195196e87de.jpeg?from=4010531038"]},"follow_status":1,"total_favorited":18326907,"youtube_channel_title":"","iso_country_code":"CN"},"extra":{"now":1594913409000},"log_pb":{"impr_id":"20200716233009010014047093243CD399"}}
