{"user":{"sec_uid":"MS4wLjABAAAAhbZoeanzAk3WGsrapcc7Y3OeijXghWugSAXRJovxEc6T96SlQqbd0h-qiJ6sZYkK","cover_url":[{"uri":"314fe000b940c2dd72dcb","url_list":["https://p3-dy.byteimg.com/obj/314fe000b940c2dd72dcb?from=1247829622","https://p29-dy.byteimg.com/obj/314fe000b940c2dd72dcb?from=1247829622","https://p6-dy-ipv6.byteimg.com/obj/314fe000b940c2dd72dcb?from=1247829622"]},{"uri":"c8510002be9a3a61aad2","url_list":["https://p29-dy.byteimg.com/obj/c8510002be9a3a61aad2?from=1247829622","https://p26-dy.byteimg.com/obj/c8510002be9a3a61aad2?from=1247829622","https://p6-dy-ipv6.byteimg.com/obj/c8510002be9a3a61aad2?from=1247829622"]}],"profile_tab_type":0,"white_cover_url":[{"uri":"314fe000b940c2dd72dcb","url_list":["https://p3-dy.byteimg.com/obj/314fe000b940c2dd72dcb?from=1247829622","https://p29-dy.byteimg.com/obj/314fe000b940c2dd72dcb?from=1247829622","https://p6-dy-ipv6.byteimg.com/obj/314fe000b940c2dd72dcb?from=1247829622"]},{"uri":"318f1000413827e122102","url_list":["https://p9-dy.byteimg.com/obj/318f1000413827e122102?from=1247829622","https://p6-dy-ipv6.byteimg.com/obj/318f1000413827e122102?from=1247829622","https://p29-dy.byteimg.com/obj/318f1000413827e122102?from=1247829622"]}],"video_icon":{"uri":"","url_list":[]},"with_fusion_shop_entry":true,"follower_status":0,"with_new_goods":false,"avatar_168x168":{"uri":"3194100072573ffa444b6","url_list":["https://p29-dy.byteimg.com/img/3194100072573ffa444b6~c5_168x168.webp?from=4010531038","https://p9-dy.byteimg.com/img/3194100072573ffa444b6~c5_168x168.webp?from=4010531038","https://p6-dy-ipv6.byteimg.com/img/3194100072573ffa444b6~c5_168x168.webp?from=4010531038"]},"is_activity_user":false,"gender":1,"with_commerce_entry":true,"dongtai_count":162,"province":"","urge_detail":{"user_urged":0},"signature":"小乔失忆了，误打误撞和三个男生合租\n少禹: 可爱呆萌的青梅竹马\n白起: 温柔不失霸气的阳光学长\n安泽: 神秘冷漠的霸道总裁\n小乔：我的过去，跟你们有关！？\n商务vx : Qiyuyuedong88～（注明来意）","commerce_info":{"offline_info_list":[],"challenge_list":[]},"live_commerce":true,"twitter_name":"","short_id":"0","school_name":"","mplatform_followers_count":11139174,"shop_micro_app":"","aweme_count":162,"enterprise_verify_reason":"","twitter_id":"","youtube_channel_id":"","recommend_reason_relation":"","watch_status":false,"with_commerce_enterprise_tab_entry":false,"is_blocked":false,"avatar_thumb":{"uri":"3194100072573ffa444b6","url_list":["https://p3-dy.byteimg.com/aweme/100x100/3194100072573ffa444b6.jpeg?from=4010531038","https://p6-dy-ipv6.byteimg.com/aweme/100x100/3194100072573ffa444b6.jpeg?from=4010531038","https://p9-dy.byteimg.com/aweme/100x100/3194100072573ffa444b6.jpeg?from=4010531038"]},"unique_id":"sunofqiao","commerce_user_level":0,"avatar_300x300":{"uri":"3194100072573ffa444b6","url_list":["https://p3-dy-ipv6.byteimg.com/img/3194100072573ffa444b6~c5_300x300.webp?from=4010531038","https://p6-dy-ipv6.byteimg.com/img/3194100072573ffa444b6~c5_300x300.webp?from=4010531038","https://p9-dy.byteimg.com/img/3194100072573ffa444b6~c5_300x300.webp?from=4010531038"]},"follow_status":1,"total_favorited":143935203,"is_gov_media_vip":false,"secret":0,"country":"暂不设置","life_story_block":{"life_story_block":false},"show_favorite_list":true,"avatar_larger":{"uri":"3194100072573ffa444b6","url_list":["https://p6-dy-ipv6.byteimg.com/aweme/1080x1080/3194100072573ffa444b6.jpeg?from=4010531038","https://p29-dy.byteimg.com/aweme/1080x1080/3194100072573ffa444b6.jpeg?from=4010531038","https://p3-dy.byteimg.com/aweme/1080x1080/3194100072573ffa444b6.jpeg?from=4010531038"]},"birthday":"","custom_verify":"","forward_count":0,"nickname":"小乔的太阳","is_star":false,"recommend_user_reason_source":0,"share_info":{"share_qrcode_url":{"uri":"2db9c0006aa193f1361ff","url_list":["https://p29-dy.byteimg.com/obj/2db9c0006aa193f1361ff","https://p6-dy-ipv6.byteimg.com/obj/2db9c0006aa193f1361ff","https://p9-dy.byteimg.com/obj/2db9c0006aa193f1361ff"]},"share_image_url":{"url_list":null},"bool_persist":1,"share_url":"www.iesdouyin.com/share/user/1789631294342340?u_code=1jf98imk4c1b&sec_uid=MS4wLjABAAAAhbZoeanzAk3WGsrapcc7Y3OeijXghWugSAXRJovxEc6T96SlQqbd0h-qiJ6sZYkK","share_weibo_desc":" ","share_desc":"在抖音，记录美好生活！","share_title":"快来加入抖音，让你发现最有趣的我！"},"sync_to_toutiao":0,"birthday_hide_level":1,"r_fans_group_info":{},"room_id":0,"verification_type":0,"followers_detail":[{"apple_id":"1142110895","download_url":"https://d.douyin.com/JsvN/","package_name":"com.ss.android.ugc.aweme","app_name":"aweme","name":"抖音","icon":"http://p3.pstatp.com/origin/50ec00079b64de2050dc","fans_count":11139174,"open_url":"snssdk1128://user/profile/1789631294342340?"},{"icon":"http://p3.pstatp.com/origin/50ed00079a1b6b8d1fb1","fans_count":0,"open_url":"snssdk143://profile?uid=0","apple_id":"529092160","download_url":"https://d.toutiao.com/YjjY/","package_name":"com.ss.android.article.news","app_name":"news_article","name":"头条"},{"fans_count":0,"open_url":"snssdk1112://profile?id=0","apple_id":"1086047750","download_url":"http://d.huoshanzhibo.com/eFvB/","package_name":"com.ss.android.ugc.live","app_name":"live_stream","name":"抖音火山版","icon":"http://p3.pstatp.com/origin/2ea5c000abe106154adef"}],"is_block":false,"youtube_channel_title":"","commerce_user_info":{"star_atlas":1,"show_star_atlas_cooperation":false,"has_ads_entry":false,"ad_revenue_rits":null},"tab_settings":{"private_tab":{"show_private_tab":false,"private_tab_style":1}},"avatar_medium":{"uri":"3194100072573ffa444b6","url_list":["https://p29-dy.byteimg.com/aweme/720x720/3194100072573ffa444b6.jpeg?from=4010531038","https://p3-dy.byteimg.com/aweme/720x720/3194100072573ffa444b6.jpeg?from=4010531038","https://p6-dy-ipv6.byteimg.com/aweme/720x720/3194100072573ffa444b6.jpeg?from=4010531038"]},"favoriting_count":12,"ins_id":"","signature_language":"zh","general_permission":{"following_follower_list_toast":1},"message_chat_entry":true,"enterprise_user_info":"{\"commerce_info\":{\"offline_info_list\":[],\"challenge_list\":[]},\"homepage_bottom_toast\":[],\"permissions\":[{\"Id\":5,\"Key\":\"UserShop\",\"Name\":\"个人橱窗\",\"AppId\":1128,\"Status\":1,\"Extra\":null,\"Customization\":null,\"Parent\":0},{\"Id\":3,\"Key\":\"ItemShop\",\"Name\":\"视频电商\",\"AppId\":1128,\"Status\":1,\"Extra\":null,\"Customization\":null,\"Parent\":0},{\"Id\":4,\"Key\":\"LiveShop\",\"Name\":\"直播电商\",\"AppId\":1128,\"Status\":1,\"Extra\":null,\"Customization\":null,\"Parent\":0}]}","following_count":66,"follower_count":11139174,"city":"","district":"","is_effect_artist":false,"video_cover":{},"uid":"1789631294342340","original_musician":{"digg_count":0,"music_count":0,"music_used_count":0},"apple_account":0},"extra":{"now":1594714558000},"log_pb":{"impr_id":"202007141615580100190171992A063008"},"status_code":0}
