{"status_code":0,"user":{"avatar_larger":{"uri":"f8cf00094cddaa155cc1","url_list":["https://p6-dy-ipv6.byteimg.com/aweme/1080x1080/f8cf00094cddaa155cc1.jpeg?from=4010531038","https://p3-dy.byteimg.com/aweme/1080x1080/f8cf00094cddaa155cc1.jpeg?from=4010531038","https://p29-dy.byteimg.com/aweme/1080x1080/f8cf00094cddaa155cc1.jpeg?from=4010531038"]},"enterprise_verify_reason":"","city":"南通","cover_url":[{"uri":"c8510002be9a3a61aad2","url_list":["https://p26-dy.byteimg.com/obj/c8510002be9a3a61aad2?from=1247829622","https://p9-dy.byteimg.com/obj/c8510002be9a3a61aad2?from=1247829622","https://p3-dy.byteimg.com/obj/c8510002be9a3a61aad2?from=1247829622"]}],"signature_language":"un","school_name":"","youtube_channel_title":"","is_effect_artist":false,"is_star":false,"r_fans_group_info":{},"sec_uid":"MS4wLjABAAAACgOjfh9oKMNC0b4jPwh15DhnapyEYsh_XNRrP_zi0VI","tab_settings":{"private_tab":{"show_private_tab":false,"private_tab_style":1}},"video_cover":{},"nickname":"音儿","signature":"","follower_count":289,"secret":0,"with_new_goods":false,"birthday_hide_level":0,"urge_detail":{"user_urged":0},"location":"南通","aweme_count":67,"avatar_168x168":{"uri":"f8cf00094cddaa155cc1","url_list":["https://p6-dy-ipv6.byteimg.com/img/f8cf00094cddaa155cc1~c5_168x168.webp?from=4010531038","https://p29-dy.byteimg.com/img/f8cf00094cddaa155cc1~c5_168x168.webp?from=4010531038","https://p3-dy.byteimg.com/img/f8cf00094cddaa155cc1~c5_168x168.webp?from=4010531038"]},"commerce_user_info":{"has_ads_entry":false,"ad_revenue_rits":null},"following_count":110,"ins_id":"","gender":0,"unique_id":"","sync_to_toutiao":0,"apple_account":0,"twitter_id":"","avatar_300x300":{"uri":"f8cf00094cddaa155cc1","url_list":["https://p3-dy.byteimg.com/img/f8cf00094cddaa155cc1~c5_300x300.webp?from=4010531038","https://p6-dy-ipv6.byteimg.com/img/f8cf00094cddaa155cc1~c5_300x300.webp?from=4010531038","https://p9-dy.byteimg.com/img/f8cf00094cddaa155cc1~c5_300x300.webp?from=4010531038"]},"message_chat_entry":true,"uid":"108188581394","country":"中国","district":"","profile_tab_type":0,"watch_status":false,"follow_status":0,"live_commerce":false,"is_activity_user":false,"dongtai_count":69,"province":"江苏","is_blocked":false,"show_favorite_list":true,"is_gov_media_vip":false,"enterprise_user_info":"","is_block":false,"room_id":0,"original_musician":{"music_count":0,"music_used_count":0,"digg_count":0},"follower_status":0,"followers_detail":[{"apple_id":"1142110895","download_url":"https://d.douyin.com/JsvN/","package_name":"com.ss.android.ugc.aweme","app_name":"aweme","name":"抖音","icon":"http://p3.pstatp.com/origin/50ec00079b64de2050dc","fans_count":289,"open_url":"snssdk1128://user/profile/108188581394?"},{"fans_count":0,"open_url":"snssdk143://profile?uid=0","apple_id":"529092160","download_url":"https://d.toutiao.com/YjjY/","package_name":"com.ss.android.article.news","app_name":"news_article","name":"头条","icon":"http://p3.pstatp.com/origin/50ed00079a1b6b8d1fb1"},{"apple_id":"1086047750","download_url":"http://d.huoshanzhibo.com/eFvB/","package_name":"com.ss.android.ugc.live","app_name":"live_stream","name":"抖音火山版","icon":"http://p3.pstatp.com/origin/2ea5c000abe106154adef","fans_count":0,"open_url":"snssdk1112://profile?id=0"}],"with_fusion_shop_entry":false,"recommend_reason_relation":"<b>张忠华</b>、<b>周建</b>2个共同联系人","iso_country_code":"","life_story_block":{"life_story_block":false},"avatar_medium":{"uri":"f8cf00094cddaa155cc1","url_list":["https://p9-dy-ipv6.byteimg.com/aweme/720x720/f8cf00094cddaa155cc1.jpeg?from=4010531038","https://p3-dy.byteimg.com/aweme/720x720/f8cf00094cddaa155cc1.jpeg?from=4010531038","https://p6-dy-ipv6.byteimg.com/aweme/720x720/f8cf00094cddaa155cc1.jpeg?from=4010531038"]},"favoriting_count":328,"custom_verify":"","commerce_user_level":0,"youtube_channel_id":"","birthday":"","share_info":{"share_desc":"在抖音，记录美好生活！","share_title":"快来加入抖音，让你发现最有趣的我！","share_qrcode_url":{"url_list":["https://p29-dy.byteimg.com/obj/f960000ceec26e2f344d","https://p3-dy.byteimg.com/obj/f960000ceec26e2f344d","https://p9-dy.byteimg.com/obj/f960000ceec26e2f344d"],"uri":"f960000ceec26e2f344d"},"share_image_url":{"url_list":null},"bool_persist":1,"share_url":"www.iesdouyin.com/share/user/108188581394?u_code=1jf98imk4c1b&sec_uid=MS4wLjABAAAACgOjfh9oKMNC0b4jPwh15DhnapyEYsh_XNRrP_zi0VI","share_weibo_desc":" "},"mplatform_followers_count":289,"forward_count":2,"white_cover_url":[{"uri":"318f1000413827e122102","url_list":["https://p29-dy.byteimg.com/obj/318f1000413827e122102?from=1247829622","https://p26-dy.byteimg.com/obj/318f1000413827e122102?from=1247829622","https://p3-dy.byteimg.com/obj/318f1000413827e122102?from=1247829622"]}],"avatar_thumb":{"uri":"f8cf00094cddaa155cc1","url_list":["https://p29-dy.byteimg.com/aweme/100x100/f8cf00094cddaa155cc1.jpeg?from=4010531038","https://p9-dy.byteimg.com/aweme/100x100/f8cf00094cddaa155cc1.jpeg?from=4010531038","https://p3-dy.byteimg.com/aweme/100x100/f8cf00094cddaa155cc1.jpeg?from=4010531038"]},"video_icon":{"uri":"","url_list":[]},"twitter_name":"","short_id":"1794709889","total_favorited":1797,"with_commerce_entry":false,"verification_type":0,"with_commerce_enterprise_tab_entry":false,"recommend_user_reason_source":1},"extra":{"now":1595343918000},"log_pb":{"impr_id":"202007212305180101960251514040A0BF"}}
