{"status_code":0,"user":{"forward_count":5,"birthday":"","is_star":false,"birthday_hide_level":0,"following_count":53,"video_cover":{},"twitter_id":"","live_commerce":true,"profile_tab_type":0,"life_story_block":{"life_story_block":false},"sec_uid":"MS4wLjABAAAA6lwGsdvKaZe5PJVHH9ocMI_PMkfyVx9poNHWndDH7p4","avatar_thumb":{"uri":"b70000066ea03743bf8e","url_list":["https://p26-dy.byteimg.com/aweme/100x100/b70000066ea03743bf8e.jpeg?from=4010531038","https://p9-dy.byteimg.com/aweme/100x100/b70000066ea03743bf8e.jpeg?from=4010531038","https://p29-dy.byteimg.com/aweme/100x100/b70000066ea03743bf8e.jpeg?from=4010531038"]},"is_block":false,"original_musician":{"digg_count":0,"music_count":0,"music_used_count":0},"urge_detail":{"user_urged":0},"country":"中国","iso_country_code":"CN","is_effect_artist":false,"tab_settings":{"private_tab":{"show_private_tab":false,"private_tab_style":1}},"show_favorite_list":true,"room_id":0,"share_info":{"share_weibo_desc":" ","share_desc":"在抖音，记录美好生活！","share_title":"快来加入抖音，让你发现最有趣的我！","share_qrcode_url":{"url_list":["https://p6-dy-ipv6.byteimg.com/obj/24a20020b2f77c14194e","https://p29-dy.byteimg.com/obj/24a20020b2f77c14194e","https://p9-dy.byteimg.com/obj/24a20020b2f77c14194e"],"uri":"24a20020b2f77c14194e"},"share_image_url":{"url_list":null},"bool_persist":1,"share_url":"www.iesdouyin.com/share/user/53304917615?u_code=1jf98imk4c1b&sec_uid=MS4wLjABAAAA6lwGsdvKaZe5PJVHH9ocMI_PMkfyVx9poNHWndDH7p4"},"commerce_info":{"offline_info_list":[],"challenge_list":[]},"with_commerce_enterprise_tab_entry":false,"nickname":"豆豆_Babe","youtube_channel_title":"","dongtai_count":362,"ins_id":"","with_fusion_shop_entry":true,"commerce_user_info":{"star_atlas":1,"show_star_atlas_cooperation":false,"has_ads_entry":false,"ad_revenue_rits":null},"gender":2,"mplatform_followers_count":9802360,"aweme_count":357,"district":"朝阳区","is_activity_user":false,"signature":"绝美爆款制造机、可甜可盐可神经\n播音主持科班，原职访谈节目主播\n通晓美妆护肤流行的爱美憨憨博主\n能凹会买！用心分享！ 真实测评！\n干皮敏感肌，🙏愿望不长痘\n宠🐷爱🐷心里只有猪憨憨\n唯一小号：豆豆本豆（其他都是假的）\n你们爱看的尽量拍！！！\n合作vx：18611152928（备注品牌名）","follower_count":9745516,"recommend_reason_relation":"<b>涵涵的百宝屋</b>、<b>犀利妈Ly媛媛</b> 关注了","message_chat_entry":true,"white_cover_url":[{"uri":"2ed960007cf523aa7b292","url_list":["https://p3-dy.byteimg.com/obj/2ed960007cf523aa7b292?from=1247829622","https://p9-dy.byteimg.com/obj/2ed960007cf523aa7b292?from=1247829622","https://p26-dy.byteimg.com/obj/2ed960007cf523aa7b292?from=1247829622"]},{"url_list":["https://p9-dy-ipv6.byteimg.com/obj/318f1000413827e122102?from=1247829622","https://p26-dy.byteimg.com/obj/318f1000413827e122102?from=1247829622","https://p6-dy-ipv6.byteimg.com/obj/318f1000413827e122102?from=1247829622"],"uri":"318f1000413827e122102"}],"enterprise_user_info":"{\"commerce_info\":{\"offline_info_list\":[],\"challenge_list\":[]},\"homepage_bottom_toast\":[],\"permissions\":[{\"Id\":4,\"Key\":\"LiveShop\",\"Name\":\"直播电商\",\"AppId\":1128,\"Status\":1,\"Extra\":null,\"Customization\":null,\"Parent\":0},{\"Id\":5,\"Key\":\"UserShop\",\"Name\":\"个人橱窗\",\"AppId\":1128,\"Status\":1,\"Extra\":null,\"Customization\":null,\"Parent\":0},{\"Id\":3,\"Key\":\"ItemShop\",\"Name\":\"视频电商\",\"AppId\":1128,\"Status\":1,\"Extra\":null,\"Customization\":null,\"Parent\":0}]}","unique_id":"","verification_type":1,"watch_status":false,"province":"","is_blocked":false,"location":"北京市","enterprise_verify_reason":"","video_icon":{"uri":"","url_list":[]},"follower_status":0,"cover_url":[{"uri":"2ed960007cf523aa7b292","url_list":["https://p3-dy.byteimg.com/obj/2ed960007cf523aa7b292?from=1247829622","https://p9-dy.byteimg.com/obj/2ed960007cf523aa7b292?from=1247829622","https://p26-dy.byteimg.com/obj/2ed960007cf523aa7b292?from=1247829622"]},{"uri":"c8510002be9a3a61aad2","url_list":["https://p3-dy.byteimg.com/obj/c8510002be9a3a61aad2?from=1247829622","https://p6-dy-ipv6.byteimg.com/obj/c8510002be9a3a61aad2?from=1247829622","https://p9-dy.byteimg.com/obj/c8510002be9a3a61aad2?from=1247829622"]}],"signature_language":"zh","recommend_user_reason_source":2,"short_id":"5144228","avatar_larger":{"uri":"b70000066ea03743bf8e","url_list":["https://p3-dy.byteimg.com/aweme/1080x1080/b70000066ea03743bf8e.jpeg?from=4010531038","https://p6-dy-ipv6.byteimg.com/aweme/1080x1080/b70000066ea03743bf8e.jpeg?from=4010531038","https://p9-dy.byteimg.com/aweme/1080x1080/b70000066ea03743bf8e.jpeg?from=4010531038"]},"apple_account":0,"uid":"53304917615","custom_verify":"抖音直播十佳好物推荐官","youtube_channel_id":"","with_new_goods":false,"city":"北京市","avatar_168x168":{"url_list":["https://p3-dy.byteimg.com/img/b70000066ea03743bf8e~c5_168x168.webp?from=4010531038","https://p26-dy.byteimg.com/img/b70000066ea03743bf8e~c5_168x168.webp?from=4010531038","https://p9-dy.byteimg.com/img/b70000066ea03743bf8e~c5_168x168.webp?from=4010531038"],"uri":"b70000066ea03743bf8e"},"shop_micro_app":"","favoriting_count":1420,"sync_to_toutiao":1,"twitter_name":"","with_commerce_entry":true,"followers_detail":[{"name":"抖音","icon":"http://p3.pstatp.com/origin/50ec00079b64de2050dc","fans_count":9745516,"open_url":"snssdk1128://user/profile/53304917615?","apple_id":"1142110895","download_url":"https://d.douyin.com/JsvN/","package_name":"com.ss.android.ugc.aweme","app_name":"aweme"},{"package_name":"com.ss.android.article.news","app_name":"news_article","name":"头条","icon":"http://p3.pstatp.com/origin/50ed00079a1b6b8d1fb1","fans_count":44165,"open_url":"snssdk143://profile?uid=102993868107","apple_id":"529092160","download_url":"https://d.toutiao.com/YjjY/"},{"app_name":"live_stream","name":"抖音火山版","icon":"http://p3.pstatp.com/origin/2ea5c000abe106154adef","fans_count":12679,"open_url":"snssdk1112://profile?id=4503652932288111","apple_id":"1086047750","download_url":"http://d.huoshanzhibo.com/eFvB/","package_name":"com.ss.android.ugc.live"}],"commerce_user_level":0,"is_gov_media_vip":false,"r_fans_group_info":{},"avatar_medium":{"uri":"b70000066ea03743bf8e","url_list":["https://p9-dy-ipv6.byteimg.com/aweme/720x720/b70000066ea03743bf8e.jpeg?from=4010531038","https://p3-dy.byteimg.com/aweme/720x720/b70000066ea03743bf8e.jpeg?from=4010531038","https://p29-dy.byteimg.com/aweme/720x720/b70000066ea03743bf8e.jpeg?from=4010531038"]},"follow_status":1,"school_name":"","avatar_300x300":{"uri":"b70000066ea03743bf8e","url_list":["https://p3-dy.byteimg.com/img/b70000066ea03743bf8e~c5_300x300.webp?from=4010531038","https://p9-dy.byteimg.com/img/b70000066ea03743bf8e~c5_300x300.webp?from=4010531038","https://p6-dy-ipv6.byteimg.com/img/b70000066ea03743bf8e~c5_300x300.webp?from=4010531038"]},"total_favorited":94592914,"secret":0},"extra":{"now":1595345779000},"log_pb":{"impr_id":"202007212336190100140400373C4893D9"}}
