{"user":{"gender":2,"is_block":false,"with_fusion_shop_entry":true,"recommend_reason_relation":"","commerce_user_info":{"show_star_atlas_cooperation":true,"has_ads_entry":true,"ad_revenue_rits":null,"star_atlas":1},"signature":"一个专注试色的美妆博主\n一分钱都不许你多花\n任何售后问题👉颜九工作室（在关注里）\n就酱，啾咪～","total_favorited":110266522,"recommend_user_reason_source":0,"enterprise_verify_reason":"","live_commerce":true,"tab_settings":{"private_tab":{"show_private_tab":false,"private_tab_style":1}},"urge_detail":{"user_urged":0},"share_info":{"bool_persist":1,"share_url":"www.iesdouyin.com/share/user/58651677044?sec_uid=MS4wLjABAAAAk416nE5DzCo7SiXdYgV2bOK8OO8Edy432cNBeJy1_us&u_code=1jf98imk4c1b","share_weibo_desc":" ","share_desc":"在抖音，记录美好生活！","share_title":"快来加入抖音，让你发现最有趣的我！","share_qrcode_url":{"uri":"4a7a0028fcda7a1eb65b","url_list":["https://p3-dy.byteimg.com/obj/4a7a0028fcda7a1eb65b","https://p29-dy.byteimg.com/obj/4a7a0028fcda7a1eb65b","https://p6-dy-ipv6.byteimg.com/obj/4a7a0028fcda7a1eb65b"]},"share_image_url":{"url_list":null}},"twitter_name":"","sec_uid":"MS4wLjABAAAAk416nE5DzCo7SiXdYgV2bOK8OO8Edy432cNBeJy1_us","followers_detail":[{"name":"抖音","icon":"http://p3.pstatp.com/origin/50ec00079b64de2050dc","fans_count":8608670,"open_url":"snssdk1128://user/profile/58651677044?","apple_id":"1142110895","download_url":"https://d.douyin.com/JsvN/","package_name":"com.ss.android.ugc.aweme","app_name":"aweme"},{"package_name":"com.ss.android.article.news","app_name":"news_article","name":"头条","icon":"http://p3.pstatp.com/origin/50ed00079a1b6b8d1fb1","fans_count":283831,"open_url":"snssdk143://profile?uid=81354064730","apple_id":"529092160","download_url":"https://d.toutiao.com/YjjY/"},{"download_url":"http://d.huoshanzhibo.com/eFvB/","package_name":"com.ss.android.ugc.live","app_name":"live_stream","name":"抖音火山版","icon":"http://p3.pstatp.com/origin/2ea5c000abe106154adef","fans_count":0,"open_url":"snssdk1112://profile?id=0","apple_id":"1086047750"}],"secret":0,"province":"上海","white_cover_url":[{"uri":"3173a000ae9384f297404","url_list":["https://p9-dy.byteimg.com/obj/3173a000ae9384f297404?from=1247829622","https://p26-dy.byteimg.com/obj/3173a000ae9384f297404?from=1247829622","https://p3-dy.byteimg.com/obj/3173a000ae9384f297404?from=1247829622"]},{"uri":"318f1000413827e122102","url_list":["https://p3-dy-ipv6.byteimg.com/obj/318f1000413827e122102?from=1247829622","https://p6-dy-ipv6.byteimg.com/obj/318f1000413827e122102?from=1247829622","https://p29-dy.byteimg.com/obj/318f1000413827e122102?from=1247829622"]}],"avatar_medium":{"uri":"72a0002c8162384ba94f","url_list":["https://p9-dy.byteimg.com/aweme/720x720/72a0002c8162384ba94f.jpeg?from=4010531038","https://p3-dy.byteimg.com/aweme/720x720/72a0002c8162384ba94f.jpeg?from=4010531038","https://p6-dy-ipv6.byteimg.com/aweme/720x720/72a0002c8162384ba94f.jpeg?from=4010531038"]},"verification_type":1,"video_icon":{"uri":"","url_list":[]},"district":"","r_fans_group_info":{},"enterprise_user_info":"{\"commerce_info\":{\"offline_info_list\":[],\"challenge_list\":[]},\"homepage_bottom_toast\":[],\"permissions\":[{\"Id\":3,\"Key\":\"ItemShop\",\"Name\":\"视频电商\",\"AppId\":1128,\"Status\":1,\"Extra\":null,\"Customization\":null,\"Parent\":0},{\"Id\":5,\"Key\":\"UserShop\",\"Name\":\"个人橱窗\",\"AppId\":1128,\"Status\":1,\"Extra\":null,\"Customization\":null,\"Parent\":0},{\"Id\":81,\"Key\":\"Enterprise\",\"Name\":\"企业权限标识\",\"AppId\":1128,\"Status\":1,\"Extra\":null,\"Customization\":null,\"Parent\":0},{\"Id\":4,\"Key\":\"LiveShop\",\"Name\":\"直播电商\",\"AppId\":1128,\"Status\":1,\"Extra\":null,\"Customization\":null,\"Parent\":0}]}","with_commerce_entry":true,"life_story_block":{"life_story_block":false},"is_star":false,"with_commerce_enterprise_tab_entry":false,"message_chat_entry":true,"avatar_thumb":{"uri":"72a0002c8162384ba94f","url_list":["https://p3-dy.byteimg.com/aweme/100x100/72a0002c8162384ba94f.jpeg?from=4010531038","https://p6-dy-ipv6.byteimg.com/aweme/100x100/72a0002c8162384ba94f.jpeg?from=4010531038","https://p9-dy.byteimg.com/aweme/100x100/72a0002c8162384ba94f.jpeg?from=4010531038"]},"birthday_hide_level":0,"is_activity_user":false,"country":"中国","profile_tab_type":0,"youtube_channel_title":"","cover_url":[{"uri":"3173a000ae9384f297404","url_list":["https://p9-dy.byteimg.com/obj/3173a000ae9384f297404?from=1247829622","https://p26-dy.byteimg.com/obj/3173a000ae9384f297404?from=1247829622","https://p3-dy.byteimg.com/obj/3173a000ae9384f297404?from=1247829622"]},{"uri":"c8510002be9a3a61aad2","url_list":["https://p26-dy.byteimg.com/obj/c8510002be9a3a61aad2?from=1247829622","https://p29-dy.byteimg.com/obj/c8510002be9a3a61aad2?from=1247829622","https://p3-dy.byteimg.com/obj/c8510002be9a3a61aad2?from=1247829622"]}],"is_effect_artist":false,"avatar_168x168":{"uri":"72a0002c8162384ba94f","url_list":["https://p9-dy.byteimg.com/img/72a0002c8162384ba94f~c5_168x168.webp?from=4010531038","https://p3-dy.byteimg.com/img/72a0002c8162384ba94f~c5_168x168.webp?from=4010531038","https://p26-dy.byteimg.com/img/72a0002c8162384ba94f~c5_168x168.webp?from=4010531038"]},"is_blocked":false,"follow_status":1,"ins_id":"","is_gov_media_vip":false,"avatar_300x300":{"uri":"72a0002c8162384ba94f","url_list":["https://p9-dy.byteimg.com/img/72a0002c8162384ba94f~c5_300x300.webp?from=4010531038","https://p3-dy.byteimg.com/img/72a0002c8162384ba94f~c5_300x300.webp?from=4010531038","https://p6-dy-ipv6.byteimg.com/img/72a0002c8162384ba94f~c5_300x300.webp?from=4010531038"]},"forward_count":126,"dongtai_count":1033,"shop_micro_app":"","short_id":"147104861","following_count":28,"favoriting_count":367,"mplatform_followers_count":8892501,"commerce_user_level":0,"sync_to_toutiao":1,"apple_account":0,"signature_language":"zh","uid":"58651677044","avatar_larger":{"uri":"72a0002c8162384ba94f","url_list":["https://p26-dy.byteimg.com/aweme/1080x1080/72a0002c8162384ba94f.jpeg?from=4010531038","https://p9-dy.byteimg.com/aweme/1080x1080/72a0002c8162384ba94f.jpeg?from=4010531038","https://p6-dy-ipv6.byteimg.com/aweme/1080x1080/72a0002c8162384ba94f.jpeg?from=4010531038"]},"birthday":"1997-01-01","follower_count":8608670,"room_id":0,"nickname":"认真少女_颜九","commerce_info":{"offline_info_list":[],"challenge_list":[]},"video_cover":{},"commerce_permissions":{"enterprise":1},"unique_id":"","original_musician":{"digg_count":0,"music_count":0,"music_used_count":0},"youtube_channel_id":"","twitter_id":"","watch_status":false,"city":"上海","show_favorite_list":true,"aweme_count":907,"custom_verify":"优质视频创作者","school_name":"","follower_status":0,"with_new_goods":false},"extra":{"now":1595347785000},"log_pb":{"impr_id":"20200722000945010012043216254D653A"},"status_code":0}
