{"status_code":0,"user":{"avatar_168x168":{"uri":"2dfb8000530784b643104","url_list":["https://p9-dy.byteimg.com/img/2dfb8000530784b643104~c5_168x168.webp?from=4010531038","https://p3-dy.byteimg.com/img/2dfb8000530784b643104~c5_168x168.webp?from=4010531038","https://p6-dy-ipv6.byteimg.com/img/2dfb8000530784b643104~c5_168x168.webp?from=4010531038"]},"room_id":0,"mplatform_followers_count":418713,"with_new_goods":false,"show_favorite_list":true,"follower_status":0,"is_blocked":false,"avatar_medium":{"uri":"2dfb8000530784b643104","url_list":["https://p9-dy.byteimg.com/aweme/720x720/2dfb8000530784b643104.jpeg?from=4010531038","https://p29-dy.byteimg.com/aweme/720x720/2dfb8000530784b643104.jpeg?from=4010531038","https://p3-dy.byteimg.com/aweme/720x720/2dfb8000530784b643104.jpeg?from=4010531038"]},"follower_count":418713,"ins_id":"","aweme_count":208,"commerce_info":{"offline_info_list":[],"challenge_list":[]},"city":"北京","commerce_user_level":0,"with_commerce_entry":true,"verification_type":0,"original_musician":{"music_count":0,"music_used_count":0,"digg_count":0},"nickname":"李濠pe7er","following_count":90,"total_favorited":2242079,"watch_status":false,"r_fans_group_info":{},"commerce_user_info":{"star_atlas":1,"show_star_atlas_cooperation":false,"has_ads_entry":false,"ad_revenue_rits":null},"signature":"8年星级化妆师，广谱美妆博主\n关注wb：李濠pe7er\n工作V：drs00006","avatar_larger":{"uri":"2dfb8000530784b643104","url_list":["https://p9-dy-ipv6.byteimg.com/aweme/1080x1080/2dfb8000530784b643104.jpeg?from=4010531038","https://p6-dy-ipv6.byteimg.com/aweme/1080x1080/2dfb8000530784b643104.jpeg?from=4010531038","https://p3-dy.byteimg.com/aweme/1080x1080/2dfb8000530784b643104.jpeg?from=4010531038"]},"followers_detail":[{"open_url":"snssdk1128://user/profile/58529920833?","apple_id":"1142110895","download_url":"https://d.douyin.com/JsvN/","package_name":"com.ss.android.ugc.aweme","app_name":"aweme","name":"抖音","icon":"http://p3.pstatp.com/origin/50ec00079b64de2050dc","fans_count":418713},{"icon":"http://p3.pstatp.com/origin/50ed00079a1b6b8d1fb1","fans_count":0,"open_url":"snssdk143://profile?uid=0","apple_id":"529092160","download_url":"https://d.toutiao.com/YjjY/","package_name":"com.ss.android.article.news","app_name":"news_article","name":"头条"},{"fans_count":0,"open_url":"snssdk1112://profile?id=0","apple_id":"1086047750","download_url":"http://d.huoshanzhibo.com/eFvB/","package_name":"com.ss.android.ugc.live","app_name":"live_stream","name":"抖音火山版","icon":"http://p3.pstatp.com/origin/2ea5c000abe106154adef"}],"signature_language":"zh","birthday_hide_level":0,"avatar_thumb":{"uri":"2dfb8000530784b643104","url_list":["https://p9-dy-ipv6.byteimg.com/aweme/100x100/2dfb8000530784b643104.jpeg?from=4010531038","https://p6-dy-ipv6.byteimg.com/aweme/100x100/2dfb8000530784b643104.jpeg?from=4010531038","https://p3-dy.byteimg.com/aweme/100x100/2dfb8000530784b643104.jpeg?from=4010531038"]},"recommend_reason_relation":"","avatar_300x300":{"uri":"2dfb8000530784b643104","url_list":["https://p3-dy-ipv6.byteimg.com/img/2dfb8000530784b643104~c5_300x300.webp?from=4010531038","https://p29-dy.byteimg.com/img/2dfb8000530784b643104~c5_300x300.webp?from=4010531038","https://p9-dy.byteimg.com/img/2dfb8000530784b643104~c5_300x300.webp?from=4010531038"]},"sec_uid":"MS4wLjABAAAAHZgPDei2JxXuFrLrl9Optqh_poEvC_5WeZXno2KF1Oc","message_chat_entry":true,"sync_to_toutiao":0,"youtube_channel_id":"","is_gov_media_vip":false,"apple_account":0,"is_effect_artist":false,"uid":"58529920833","follow_status":1,"share_info":{"bool_persist":1,"share_url":"www.iesdouyin.com/share/user/58529920833?u_code=1jf98imk4c1b&sec_uid=MS4wLjABAAAAHZgPDei2JxXuFrLrl9Optqh_poEvC_5WeZXno2KF1Oc","share_weibo_desc":" ","share_desc":"在抖音，记录美好生活！","share_title":"快来加入抖音，让你发现最有趣的我！","share_qrcode_url":{"uri":"2efd00208c36e334a3ea","url_list":["https://p26-dy.byteimg.com/obj/2efd00208c36e334a3ea","https://p29-dy.byteimg.com/obj/2efd00208c36e334a3ea","https://p9-dy.byteimg.com/obj/2efd00208c36e334a3ea"]},"share_image_url":{"url_list":null}},"video_icon":{"uri":"","url_list":[]},"urge_detail":{"user_urged":0},"is_activity_user":false,"enterprise_user_info":"{\"commerce_info\":{\"offline_info_list\":[],\"challenge_list\":[]},\"homepage_bottom_toast\":[],\"permissions\":[{\"Id\":4,\"Key\":\"LiveShop\",\"Name\":\"直播电商\",\"AppId\":1128,\"Status\":1,\"Extra\":null,\"Customization\":null,\"Parent\":0},{\"Id\":3,\"Key\":\"ItemShop\",\"Name\":\"视频电商\",\"AppId\":1128,\"Status\":1,\"Extra\":null,\"Customization\":null,\"Parent\":0},{\"Id\":5,\"Key\":\"UserShop\",\"Name\":\"个人橱窗\",\"AppId\":1128,\"Status\":1,\"Extra\":null,\"Customization\":null,\"Parent\":0}]}","school_name":"深圳大学","twitter_name":"","cover_url":[{"uri":"c8510002be9a3a61aad2","url_list":["https://p3-dy-ipv6.byteimg.com/obj/c8510002be9a3a61aad2?from=1247829622","https://p6-dy-ipv6.byteimg.com/obj/c8510002be9a3a61aad2?from=1247829622","https://p9-dy.byteimg.com/obj/c8510002be9a3a61aad2?from=1247829622"]}],"short_id":"0","forward_count":1,"with_fusion_shop_entry":true,"dongtai_count":209,"country":"中国","is_star":false,"enterprise_verify_reason":"","secret":0,"youtube_channel_title":"","profile_tab_type":0,"life_story_block":{"life_story_block":false},"with_commerce_enterprise_tab_entry":false,"video_cover":{},"recommend_user_reason_source":0,"is_block":false,"twitter_id":"","district":"","white_cover_url":[{"uri":"318f1000413827e122102","url_list":["https://p3-dy.byteimg.com/obj/318f1000413827e122102?from=1247829622","https://p29-dy.byteimg.com/obj/318f1000413827e122102?from=1247829622","https://p9-dy.byteimg.com/obj/318f1000413827e122102?from=1247829622"]}],"custom_verify":"","unique_id":"Mc2ME1314157","live_commerce":true,"province":"北京","shop_micro_app":"","gender":1,"birthday":"1992-01-01","favoriting_count":57,"tab_settings":{"private_tab":{"show_private_tab":false,"private_tab_style":1}}},"extra":{"now":1595231337000},"log_pb":{"impr_id":"202007201548560100120210161B0C05BC"}}
