{"extra":{"now":1595231307000},"log_pb":{"impr_id":"20200720154826010012058147000C35D4"},"status_code":0,"user":{"verification_type":0,"enterprise_verify_reason":"","recommend_reason_relation":"","commerce_permissions":{"enterprise":1},"shop_micro_app":"","recommend_user_reason_source":0,"signature":"大家好我是宵夜札札\n一个不入流的伪分享博主\nwb：宵夜大哥\n粉丝v：xiaoyezhazha02\n合作v：xyjh20190410","follow_status":1,"room_id":0,"dongtai_count":96,"short_id":"0","avatar_thumb":{"uri":"30ee300037180fa1a3820","url_list":["https://p9-dy.byteimg.com/aweme/100x100/30ee300037180fa1a3820.jpeg?from=4010531038","https://p3-dy.byteimg.com/aweme/100x100/30ee300037180fa1a3820.jpeg?from=4010531038","https://p6-dy-ipv6.byteimg.com/aweme/100x100/30ee300037180fa1a3820.jpeg?from=4010531038"]},"is_activity_user":false,"uid":"2774774354809566","follower_count":578145,"secret":0,"apple_account":0,"white_cover_url":[{"uri":"2d1610001212f8e7ccc73","url_list":["https://p6-dy-ipv6.byteimg.com/obj/2d1610001212f8e7ccc73?from=1247829622","https://p3-dy.byteimg.com/obj/2d1610001212f8e7ccc73?from=1247829622","https://p9-dy.byteimg.com/obj/2d1610001212f8e7ccc73?from=1247829622"]},{"uri":"318f1000413827e122102","url_list":["https://p9-dy.byteimg.com/obj/318f1000413827e122102?from=1247829622","https://p26-dy.byteimg.com/obj/318f1000413827e122102?from=1247829622","https://p3-dy.byteimg.com/obj/318f1000413827e122102?from=1247829622"]}],"custom_verify":"","ins_id":"","youtube_channel_title":"","avatar_300x300":{"uri":"30ee300037180fa1a3820","url_list":["https://p3-dy.byteimg.com/img/30ee300037180fa1a3820~c5_300x300.webp?from=4010531038","https://p9-dy.byteimg.com/img/30ee300037180fa1a3820~c5_300x300.webp?from=4010531038","https://p1-dy.byteimg.com/img/30ee300037180fa1a3820~c5_300x300.webp?from=4010531038"]},"commerce_info":{"offline_info_list":[],"challenge_list":[]},"cover_url":[{"uri":"2d1610001212f8e7ccc73","url_list":["https://p6-dy-ipv6.byteimg.com/obj/2d1610001212f8e7ccc73?from=1247829622","https://p3-dy.byteimg.com/obj/2d1610001212f8e7ccc73?from=1247829622","https://p9-dy.byteimg.com/obj/2d1610001212f8e7ccc73?from=1247829622"]},{"uri":"c8510002be9a3a61aad2","url_list":["https://p26-dy.byteimg.com/obj/c8510002be9a3a61aad2?from=1247829622","https://p9-dy.byteimg.com/obj/c8510002be9a3a61aad2?from=1247829622","https://p3-dy.byteimg.com/obj/c8510002be9a3a61aad2?from=1247829622"]}],"watch_status":false,"forward_count":15,"gender":2,"birthday":"1998-01-01","total_favorited":5659150,"followers_detail":[{"apple_id":"1142110895","download_url":"https://d.douyin.com/JsvN/","package_name":"com.ss.android.ugc.aweme","app_name":"aweme","name":"抖音","icon":"http://p3.pstatp.com/origin/50ec00079b64de2050dc","fans_count":578145,"open_url":"snssdk1128://user/profile/2774774354809566?"},{"icon":"http://p3.pstatp.com/origin/50ed00079a1b6b8d1fb1","fans_count":0,"open_url":"snssdk143://profile?uid=0","apple_id":"529092160","download_url":"https://d.toutiao.com/YjjY/","package_name":"com.ss.android.article.news","app_name":"news_article","name":"头条"},{"icon":"http://p3.pstatp.com/origin/2ea5c000abe106154adef","fans_count":0,"open_url":"snssdk1112://profile?id=0","apple_id":"1086047750","download_url":"http://d.huoshanzhibo.com/eFvB/","package_name":"com.ss.android.ugc.live","app_name":"live_stream","name":"抖音火山版"}],"avatar_medium":{"uri":"30ee300037180fa1a3820","url_list":["https://p3-dy.byteimg.com/aweme/720x720/30ee300037180fa1a3820.jpeg?from=4010531038","https://p6-dy-ipv6.byteimg.com/aweme/720x720/30ee300037180fa1a3820.jpeg?from=4010531038","https://p9-dy.byteimg.com/aweme/720x720/30ee300037180fa1a3820.jpeg?from=4010531038"]},"school_name":"","life_story_block":{"life_story_block":false},"is_blocked":false,"mplatform_followers_count":578145,"r_fans_group_info":{},"location":"杭州","nickname":"宵夜大哥","original_musician":{"digg_count":0,"music_count":0,"music_used_count":0},"district":"","profile_tab_type":0,"tab_settings":{"private_tab":{"show_private_tab":false,"private_tab_style":1}},"enterprise_user_info":"{\"commerce_info\":{\"offline_info_list\":[],\"challenge_list\":[]},\"homepage_bottom_toast\":[],\"permissions\":[{\"Id\":5,\"Key\":\"UserShop\",\"Name\":\"个人橱窗\",\"AppId\":1128,\"Status\":1,\"Extra\":null,\"Customization\":null,\"Parent\":0},{\"Id\":81,\"Key\":\"Enterprise\",\"Name\":\"企业权限标识\",\"AppId\":1128,\"Status\":1,\"Extra\":null,\"Customization\":null,\"Parent\":0},{\"Id\":4,\"Key\":\"LiveShop\",\"Name\":\"直播电商\",\"AppId\":1128,\"Status\":1,\"Extra\":null,\"Customization\":null,\"Parent\":0},{\"Id\":3,\"Key\":\"ItemShop\",\"Name\":\"视频电商\",\"AppId\":1128,\"Status\":1,\"Extra\":null,\"Customization\":null,\"Parent\":0}]}","avatar_larger":{"uri":"30ee300037180fa1a3820","url_list":["https://p29-dy.byteimg.com/aweme/1080x1080/30ee300037180fa1a3820.jpeg?from=4010531038","https://p3-dy.byteimg.com/aweme/1080x1080/30ee300037180fa1a3820.jpeg?from=4010531038","https://p6-dy-ipv6.byteimg.com/aweme/1080x1080/30ee300037180fa1a3820.jpeg?from=4010531038"]},"with_commerce_entry":true,"commerce_user_level":0,"twitter_id":"","with_new_goods":false,"aweme_count":81,"is_block":false,"sync_to_toutiao":0,"youtube_channel_id":"","with_commerce_enterprise_tab_entry":false,"urge_detail":{"user_urged":0},"message_chat_entry":true,"following_count":10,"unique_id":"dywdnzg6pbaj","is_gov_media_vip":false,"iso_country_code":"","with_fusion_shop_entry":true,"is_effect_artist":false,"sec_uid":"MS4wLjABAAAAEHOngzwEpo9en_Gnh0r8t1hkkCY0IOiNwxSEXLVZhUkAYwcUxF4vzxlnZLcyL0VQ","video_cover":{},"live_commerce":true,"country":"中国","province":"浙江","is_star":false,"favoriting_count":412,"share_info":{"bool_persist":1,"share_url":"www.iesdouyin.com/share/user/2774774354809566?u_code=1jf98imk4c1b&sec_uid=MS4wLjABAAAAEHOngzwEpo9en_Gnh0r8t1hkkCY0IOiNwxSEXLVZhUkAYwcUxF4vzxlnZLcyL0VQ","share_weibo_desc":" ","share_desc":"在抖音，记录美好生活！","share_title":"快来加入抖音，让你发现最有趣的我！","share_qrcode_url":{"url_list":["https://p9-dy-ipv6.byteimg.com/obj/2d004000101d73d33eb72","https://p6-dy-ipv6.byteimg.com/obj/2d004000101d73d33eb72","https://p29-dy.byteimg.com/obj/2d004000101d73d33eb72"],"uri":"2d004000101d73d33eb72"},"share_image_url":{"url_list":null}},"twitter_name":"","follower_status":0,"avatar_168x168":{"url_list":["https://p3-dy.byteimg.com/img/30ee300037180fa1a3820~c5_168x168.webp?from=4010531038","https://p9-dy.byteimg.com/img/30ee300037180fa1a3820~c5_168x168.webp?from=4010531038","https://p29-dy.byteimg.com/img/30ee300037180fa1a3820~c5_168x168.webp?from=4010531038"],"uri":"30ee300037180fa1a3820"},"signature_language":"zh","commerce_user_info":{"star_atlas":1,"show_star_atlas_cooperation":true,"has_ads_entry":true,"ad_revenue_rits":null},"birthday_hide_level":0,"video_icon":{"uri":"","url_list":[]},"city":"杭州","show_favorite_list":true}}
