{"status_code":0,"user":{"shop_micro_app":"","white_cover_url":[{"uri":"3173a000ae9384f297404","url_list":["https://p3-dy.byteimg.com/obj/3173a000ae9384f297404?from=1247829622","https://p6-dy-ipv6.byteimg.com/obj/3173a000ae9384f297404?from=1247829622","https://p9-dy.byteimg.com/obj/3173a000ae9384f297404?from=1247829622"]},{"uri":"318f1000413827e122102","url_list":["https://p9-dy-ipv6.byteimg.com/obj/318f1000413827e122102?from=1247829622","https://p6-dy-ipv6.byteimg.com/obj/318f1000413827e122102?from=1247829622","https://p3-dy.byteimg.com/obj/318f1000413827e122102?from=1247829622"]}],"signature":"一个专注试色的美妆博主\n一分钱都不许你多花\n任何售后问题👉颜九工作室（在关注里）\n就酱，啾咪～","is_block":false,"commerce_info":{"challenge_list":[],"offline_info_list":[]},"twitter_id":"","recommend_reason_relation":"","province":"","profile_tab_type":0,"commerce_permissions":{"enterprise":1},"nickname":"认真少女_颜九","follower_count":8590465,"commerce_user_level":0,"with_new_goods":false,"country":"","enterprise_user_info":"{\"commerce_info\":{\"offline_info_list\":[],\"challenge_list\":[]},\"homepage_bottom_toast\":[],\"permissions\":[{\"Id\":3,\"Key\":\"ItemShop\",\"Name\":\"视频电商\",\"AppId\":1128,\"Status\":1,\"Extra\":null,\"Customization\":null,\"Parent\":0},{\"Id\":4,\"Key\":\"LiveShop\",\"Name\":\"直播电商\",\"AppId\":1128,\"Status\":1,\"Extra\":null,\"Customization\":null,\"Parent\":0},{\"Id\":81,\"Key\":\"Enterprise\",\"Name\":\"企业权限标识\",\"AppId\":1128,\"Status\":1,\"Extra\":null,\"Customization\":null,\"Parent\":0},{\"Id\":5,\"Key\":\"UserShop\",\"Name\":\"个人橱窗\",\"AppId\":1128,\"Status\":1,\"Extra\":null,\"Customization\":null,\"Parent\":0}]}","enterprise_verify_reason":"","youtube_channel_title":"","twitter_name":"","is_effect_artist":false,"life_story_block":{"life_story_block":false},"uid":"58651677044","short_id":"147104861","total_favorited":110139467,"original_musician":{"digg_count":0,"music_count":0,"music_used_count":0},"avatar_300x300":{"uri":"72a0002c8162384ba94f","url_list":["https://p3-dy.byteimg.com/img/72a0002c8162384ba94f~c5_300x300.webp?from=4010531038","https://p29-dy.byteimg.com/img/72a0002c8162384ba94f~c5_300x300.webp?from=4010531038","https://p6-dy-ipv6.byteimg.com/img/72a0002c8162384ba94f~c5_300x300.webp?from=4010531038"]},"following_count":28,"sync_to_toutiao":1,"signature_language":"zh","is_activity_user":false,"custom_verify":"优质视频创作者","video_icon":{"uri":"","url_list":[]},"cover_url":[{"url_list":["https://p3-dy.byteimg.com/obj/3173a000ae9384f297404?from=1247829622","https://p6-dy-ipv6.byteimg.com/obj/3173a000ae9384f297404?from=1247829622","https://p9-dy.byteimg.com/obj/3173a000ae9384f297404?from=1247829622"],"uri":"3173a000ae9384f297404"},{"uri":"c8510002be9a3a61aad2","url_list":["https://p26-dy.byteimg.com/obj/c8510002be9a3a61aad2?from=1247829622","https://p29-dy.byteimg.com/obj/c8510002be9a3a61aad2?from=1247829622","https://p9-dy.byteimg.com/obj/c8510002be9a3a61aad2?from=1247829622"]}],"birthday_hide_level":0,"forward_count":126,"aweme_count":907,"is_blocked":false,"tab_settings":{"private_tab":{"show_private_tab":false,"private_tab_style":1}},"video_cover":{},"show_favorite_list":true,"youtube_channel_id":"","dongtai_count":1033,"sec_uid":"MS4wLjABAAAAk416nE5DzCo7SiXdYgV2bOK8OO8Edy432cNBeJy1_us","with_commerce_enterprise_tab_entry":false,"message_chat_entry":true,"avatar_thumb":{"uri":"72a0002c8162384ba94f","url_list":["https://p6-dy-ipv6.byteimg.com/aweme/100x100/72a0002c8162384ba94f.jpeg?from=4010531038","https://p3-dy.byteimg.com/aweme/100x100/72a0002c8162384ba94f.jpeg?from=4010531038","https://p9-dy.byteimg.com/aweme/100x100/72a0002c8162384ba94f.jpeg?from=4010531038"]},"follow_status":1,"unique_id":"","district":"","watch_status":false,"verification_type":1,"ins_id":"","city":"","recommend_user_reason_source":0,"followers_detail":[{"fans_count":8590465,"open_url":"snssdk1128://user/profile/58651677044?","apple_id":"1142110895","download_url":"https://d.douyin.com/JsvN/","package_name":"com.ss.android.ugc.aweme","app_name":"aweme","name":"抖音","icon":"http://p3.pstatp.com/origin/50ec00079b64de2050dc"},{"package_name":"com.ss.android.article.news","app_name":"news_article","name":"头条","icon":"http://p3.pstatp.com/origin/50ed00079a1b6b8d1fb1","fans_count":283656,"open_url":"snssdk143://profile?uid=81354064730","apple_id":"529092160","download_url":"https://d.toutiao.com/YjjY/"},{"icon":"http://p3.pstatp.com/origin/2ea5c000abe106154adef","fans_count":0,"open_url":"snssdk1112://profile?id=0","apple_id":"1086047750","download_url":"http://d.huoshanzhibo.com/eFvB/","package_name":"com.ss.android.ugc.live","app_name":"live_stream","name":"抖音火山版"}],"with_fusion_shop_entry":true,"is_gov_media_vip":false,"live_commerce":true,"avatar_medium":{"uri":"72a0002c8162384ba94f","url_list":["https://p26-dy.byteimg.com/aweme/720x720/72a0002c8162384ba94f.jpeg?from=4010531038","https://p9-dy.byteimg.com/aweme/720x720/72a0002c8162384ba94f.jpeg?from=4010531038","https://p3-dy.byteimg.com/aweme/720x720/72a0002c8162384ba94f.jpeg?from=4010531038"]},"apple_account":0,"follower_status":0,"urge_detail":{"user_urged":0},"r_fans_group_info":{},"gender":2,"birthday":"1997-01-01","room_id":0,"school_name":"","mplatform_followers_count":8874121,"secret":0,"is_star":false,"avatar_168x168":{"uri":"72a0002c8162384ba94f","url_list":["https://p29-dy.byteimg.com/img/72a0002c8162384ba94f~c5_168x168.webp?from=4010531038","https://p26-dy.byteimg.com/img/72a0002c8162384ba94f~c5_168x168.webp?from=4010531038","https://p9-dy.byteimg.com/img/72a0002c8162384ba94f~c5_168x168.webp?from=4010531038"]},"avatar_larger":{"uri":"72a0002c8162384ba94f","url_list":["https://p3-dy.byteimg.com/aweme/1080x1080/72a0002c8162384ba94f.jpeg?from=4010531038","https://p6-dy-ipv6.byteimg.com/aweme/1080x1080/72a0002c8162384ba94f.jpeg?from=4010531038","https://p29-dy.byteimg.com/aweme/1080x1080/72a0002c8162384ba94f.jpeg?from=4010531038"]},"with_commerce_entry":true,"commerce_user_info":{"star_atlas":1,"show_star_atlas_cooperation":true,"has_ads_entry":true,"ad_revenue_rits":null},"favoriting_count":365,"share_info":{"share_desc":"在抖音，记录美好生活！","share_title":"快来加入抖音，让你发现最有趣的我！","share_qrcode_url":{"uri":"4a7a0028fcda7a1eb65b","url_list":["https://p9-dy-ipv6.byteimg.com/obj/4a7a0028fcda7a1eb65b","https://p6-dy-ipv6.byteimg.com/obj/4a7a0028fcda7a1eb65b","https://p3-dy.byteimg.com/obj/4a7a0028fcda7a1eb65b"]},"share_image_url":{"url_list":null},"bool_persist":1,"share_url":"www.iesdouyin.com/share/user/58651677044?u_code=1jf98imk4c1b&sec_uid=MS4wLjABAAAAk416nE5DzCo7SiXdYgV2bOK8OO8Edy432cNBeJy1_us","share_weibo_desc":" "}},"extra":{"now":1595231297000},"log_pb":{"impr_id":"20200720154817010014047194190C3512"}}
